URL,detail
ttps://tiki.vn/men-tuyet-nin-house-microfiber-p6652303.html?spid=6655019,1
https://tiki.vn/set-100-tui-luoi-loc-rac-bon-rua-chen-p273569921.html?spid=273569922,1
https://tiki.vn/gift-cu-sac-samsung-kem-cap-low-standby-45w-hang-chinh-hang-p276448816.html?spid=276448817,2
https://tka.tiki.vn/pixel/pixel?data=RM8pt9vsoqI3eYubzThDXy1v2LzNoNaoW1QBI6iNNRj6h-HGdNiJTHlt07mrIUvmEzHbMUJJmP-nlWJ7QcNtC5bUzLGhvQNJSvx-8tYDYzy_H7oW64-H5BacByk3jJaXBbb0Od_uFVDRzmgDCrQygtg9lDl2tdRKXfffdXNWiJEtM7NxEkzjpStOhC5C9uXLbWZsa9kfXbxt2JktOzhxhsVWFAwfW3wVZtAcgHJhUkxofh1Ybss14fAmVMb-ax6lswM9Ae5eabBr-W3yqQmae-h5cv0QsPCH7R_aA-yQ0wyc5k3Guoi5WlFEVrMG7FAvs5vh9Qe93DfE1_jiI05AkaZ-AxrDQB3hPvaTRz6CrZ5GqkxuOgaO1inug7mSSZQDt359FouS4UQKI1t-l8ZmLnZbAWJ-Satp84c3avSzdc3RjtI3-NIoQY35DKxc691kiEXZfIs5qOhSYiMUmjL9fLQ3EpZ2p1SX_wBG9D96MJmVyW_x8jIvcXEB-4PBdOJsdGUP9pWFgxZXS8xthQkc_lUTcbnqbyRUJ7Bnvcu-9kdBYJ73e9GjEvHJWcHtwYABgg4knoNcOscnz8Dh_vbbTARPGLt_mttF0af9aZJGiQzPVcf-LDx3GBBZ2yn3oLdTw7zlzQPkvLoQhSbt6-32EXnzBHgdAr0m5XRTvTI6n-3DDus984m_jc4D-XSIiOnlZ-C0ny8arB8CkMvFhtHIb_35p1FDKA3fj5IwvQjenDMsxcp6Z6CAQxlHUnxjUwmjbHKD2AQZxZhb_da2aE2XuBJrU559O9JVAVnw-EYtfr_z_2dIjdn5-4CsdFN7YiiDdrIsmrLXqK1_kXRm2Ljm9Uq5cfpk65EXGVuBhDkD4FYzADISmfOlnDnYV8pe5fMnDGUe9t1cM_zc1fUjT-ufQPoAjsOL772H4RxapPD05mPidxHKBXY0858bwmBh5UbOL-kJ-ZraQraAyDLNASp78bnxe9tlb-Ynww1afzK1fBjUGOWcJWsoXWzmj_K5BURBKs-Fqtyy91OL4N13WanXpGByY945PhZ7tLNgAFrBmJoOBJxdAaU3DBkM5UBs1WZ-RqnRxeNWXpGcyjmqs30wcV9hqtdk4YfBdmktau05kxIYz6HCl_6vnmRu&reqid=cSyKkhqgKZD2sfJw&type=CLICK&pos=5,2
https://tiki.vn/combo-may-doc-sach-all-new-kindle-paperwhite-5-11th-gen-va-bao-da-hang-nhap-khau-p217706932.html?spid=161964625,2
https://tiki.vn/cu-sac-samsung-khong-kem-cap-45w-hang-chinh-hang-p277164766.html?spid=277164767,2
https://tiki.vn/dien-thoai-ai-samsung-galaxy-s24-ultra-camera-200mp-zoom-100x-s-pen-vang-hang-chinh-hang-p273947792.html?spid=273947994,2
https://tka.tiki.vn/pixel/pixel?data=uX2ELi19Gjwm6fYlBZvslnchHOQIFbJmi4nf7hpCO5kxZbaLcOUTFY-SHlbYlQv9W264H1EHVAnYhg8N8hnsACZm2Ue5V9k8prru4RNpKndhv07qG8QXuUKdI9mgt9ua8XkypZ76d6eJRSA3TzA6nUfawZbg1nL2x9UfikC6gyBs5YMVEmUuOvtMWmwrB36DOogrSHWoT2F4VgNpqbIsvj0LEJ25LjR2kw-AtWGrD8IqZB_5j-vWTqqRiVnRiR7k7p886321M6Flyxqqh8xgBCCq8ea7awsoXhcm4YhtvcaPX-LT4fuZJ07i9bnhvjXb5bu0WLkTyBX9puUFCA-73DuXZf1aEAyRry9k1RzCyaIHhPhA_DGpwDZWZ1DNaqplQVJN16eCUiOmBRZTkcUmzjnVQNJtA-zoigd-2EZzwSvj4SZtK85fXfAXlEWN2eiguyfjolOiZ8YVobbbAFHqxBFO2RDPl_jjRC6HhESgAeoqcyYlY_PDbVaqzv1-x5CN9I5H4SfTM-2Wo5yGcuMfmjBhKOPM-CoYT7h6F8boU4xKZdQ89vhON2UhO7Ncq5DKsg1t_gb7DSLZjHhWffzJ8K3s_b4o2fTOdGFhh5F-d_KYyy_xdaSP1HJfHRlZ5gjAforcaZVEtrkLIibM_tc2l33P9c75RvP7JO0WACgjfDeVpxhnVkocUzDW-Uda96OMS0kHEw9Ln4BzPMRFr3c2zm4b86pe8NoBVrGY0iS3ndj5LfcV_1xluaLpCiXYrdSRPcGrmtA315rp7tdgYbcofL2WVdMU--doCiuUt6-PuSgk7t9uB2SkjPGdva2LtGnrQWjeguXDQHoRhIn3CAuSr9Ik56MvOqfE3E_zllJO8M59clKgvPVImfE7Rq5l-LH_pPgYYns6-8xgtT3ywkWX-fap04uLtjwlKFCEIkM9Ttp-L-xDTooQB17hIDLqeDxme9h0yT71vS_Kr8FV6BGsZJKPnXn4cDbh50qDfT3R2gmgKwBQaN81vNwmZd8uEKtZZOvXDprmrnCDZM0iuHKKj-N50lA2QIggdAqaBwO4KVyQcaOXfGReizKy9Ve0ZOdOnIAhYe4ls6MPYcgwrtyBYtBg5OvDsyvpCI0WcGNH1wpfOhP2u-Y265T8FtLn4aytwV_6MVSBqoOdaTA1CUyJrgiXBfEU1syff5Vf5XfQ82d6b_SfcAqKk7JlLdbnep6CFfsv6iM2VtaTJSrQOjCObfC1bPYbV3xw4zn29ismb6hTVDVcaCQi74kv3CO7Q4uEt0oQKK_X5DvsXV8-xpLDhzDeaz8roI3rfCvRvcx9g4W7usnWWiL-Mz3CUgksr2goauXR8DNzOtDkuAj8fCEqF_tMnUypsz_oefby7iYyO_FG4N2ooY_BegVhv4iAhqcbWBsqNC_pFTMrv8lK6Bpvam5Gsw&reqid=OnWydNLLnndXeQ7K&type=CLICK&pos=24,3
https://tiki.vn/sua-bot-frisolac-gold-2-850g-danh-cho-tre-tu-6-12-thang-tuoi-p88924596.html?spid=88924597,3
https://tiki.vn/bo-2-lon-sua-bot-nestle-nan-optipro-plus-4-800g-lon-voi-5hmo-giup-tieu-hoa-tot-p277400812.html?spid=277400817,3
https://tiki.vn/ta-quan-huggies-skin-perfect-xl-super-jumbo-52-6-mieng-voi-2-vung-tham-giam-kich-ung-da-p276950638.html?spid=276950639,3
https://tiki.vn/chieu-bac-ngu-trua-van-phong-tam-tham-trai-lot-bac-gap-gon-cach-nhiet-du-lich-1mx2m-p275428267.html?spid=275428268,3
https://tka.tiki.vn/pixel/pixel?data=cTdZLS9O_N7aEj-B_dHqtY9rkCKa2HOKr5DiH6Ew0W9d4FgBI77gNf9qvbpkiHTeHpesCVgeF9gaubqZjI83FtiCLlGAAvGxhENG40Kw7flidOS6alsv0P-sFEg3gfFKtlntHqdGpzz0D-laykW4D-vvQJJ8dEM5KrCZg5abJ3ifjUq7YgkhzhMmzdkDM8wuRg5YjN_QiFZ66wNFLMv3FL-uViraXPKNVGQOMawdFrwhTZYJWuYR5H-BP3FLkxE5r3o6dyba5PLZdPTFudLUUCd2sHPnjA12QNQEEpmScoIoaBN6N9UQMxepwss6w1vYSCUtTJmDDfZBaOHV-pXL6o1TY0Rdyn0I3ibX1LWDxZmTdtJi5P5XUVbu4jYDasMqvI0FNJsi_IhA_UJP8NTqoTkoOY03i0QtpLZo0axRxfxDY0DtRWhuNSTvhxKoTvrTjZE_Ofcjety8RWdPJlzS6-7jY9PTVDJwgpBlOtLjDyEg3TgmHCr_kFisAxWmmS8qE7R5BQ21Er_3nD1uq5OO13rzIu02cJy2pqwFtrRgrK6ig6fErGRfL0QWsRJwk30F8qn9RyDqNdCNRDhvSfGM12UJf_JCc5Gm10E_2euwqhMVWk0_pnD2XembcrClN7A4cz7y3q1OJRgk7O2iNo9L4uPSPVntfkwB5K1e_TAAWz7y8UWJDBci6lYqkR5Jd3KVZZH35qmtRtbGornHdWHy14TX0JYAhrdX9sohYS1D5alREMcr7bSTGEukH8mcOmP5NTujj0rHCXxLBILBX5C_jSQ3-9_yQhnWaPbsqjV7pkCBSN17PpVQSCUTzVlvh8QLGbDqFv8WDB_rkowhTSDp2SGgi6WsT9QRSUgvnOkKcUICCUUxzbCc1uaX8fYPwv12fvp2IOp60eIvyvKk_QV_YQaWC_kbvXbu-XKgKKQPQOzAIYThQRR5x9ZKqohixKJ4xXCRcI8EYemI0fVbD4xj7ZJFbawphbTWNY7kEjYJTaYZBqTe3lWBm2vlcTNAQWz-2PBI5b9s_wK4ndvvdNwfjmy5dbdPOJyHAUAhaNUlcaH7-syeXl7LeKoZMIDbr3mmBE8IjXlb-xLyxTsHtK7I_6j7FNBdfCFMbmKdk89ff3jl8PNyI-DV6-4k5ZlPEL1Hakh0IPNyms7Mx9AEoUbxSosvOumjEEWUFjId9gr8sIa1kwViTc1XxUqbfyLAjxpH7trxMtvK-6RSuJLUaLyytg7nCuWISKYdLQLJh9I-fxTrNYQL8ZLxtlbGF5CibL9Y8IBksxrlAgOoxDSnO7Nrt99ojj5hXrRrWxe7wiCPchDULq_6ZGP_yNS-qsVFv_wUXykTEea21ZJMQnGSJ6_8ZTItBpB2Gm6HOEGYqtVtiFk7UyS-Q7zMrKs4wLayxFwxyg4AMQ&reqid=RzQ4mU4aSx5GTpnA&type=CLICK&pos=24,4
https://tiki.vn/tai-nghe-nhet-tai-co-day-jack-3-5mm-remax-rm-512-new-package-hang-chinh-hang-p110850007.html?spid=110850010,4
https://tiki.vn/baseus-lv106-b01-dau-chuyen-otg-usb-type-c-sang-usb-chinh-hang-baseus-p54889765.html?spid=130772699,4
https://tiki.vn/loa-bluetooth-hxsj-v6-ban-mo-rong-ho-tro-ket-noi-bluetooth-5-0-the-nho-usb-cong-suat-2-loa-10w-nhieu-mau-sac-hang-chinh-hang-p127695415.html?spid=127695417,4
https://tka.tiki.vn/pixel/pixel?data=RFWsBQfzQr3Q7xyQuiYf_91TFtLfa4ezac46SKDSNuJmjZhfG8p1m-wd8hqGWBtqetGtLGs8xqtVs1oA3gDrgjMFsLG-gTsRcDuwiXRDtSNIP9mQOii_EUUhSNc5RdtSbvzF1ob4Gk_S8DjDf-R-clnz7E2VjXu3DV3t4Z6nK6myMTYUwDrslfRut2DGDnDRyXfw93_G1gyjHz_iudAolC4Zy0M3Ki7cqSADKxpBzuWIyyIFRd0LJecWuM48G3txCU1kbOvVNNh3WH76z5sAkTRfTLrpb7TdJVAPTxUqxl_S0n3CYGHBm49J9qlpwS4x1a4P7Fm9D93p2Zbwj-PlrePs4SBI3rPZFSbga8GvzmyGsDdvuRPigaVT8_IUKuiJ3Nxv3nswYt8dD17Nc2xZFxSPHSXKr4M4RpaWELZcHGt1qDrN4Nt-8VnyGcxZ05zTzcHQpMClMkK0ywayTqmtFYi9SSLvIoetdN41KAElSdPbVCUsAS04e6RQuwhU6y-jGfQFCdxwtdRYzwCqx97HJHyMtqM_DtP4OLv80K2TXeJ1iAJq9IgOOLP6Q8sAIDZ0J_596QWZPv6ivo5vdDdTxl3zIfwA8BmpufYTWMquOovBpPSMg_4aroANX7pY0umQJkFT931xETL9dxACy7NCupI-caJyUJKZOjYbgaVMz4SXqPQsrPEDuIzCErFh2ql84TY6K62QiZWvnJuRRp4IzSg_ZMiMWP8Qcg2LXbsQiqkdVuafbDx3nGv7qjXrRz-WSN-DYW1kv3q4dNIyHAxnrYhpQeDBhgIl4UMm-uMxY94PyzJs-r10KpraWfhkG7QpUQ2ovSbLGwhAUKmkki6494C--Qz_yVPx4yNu-qC5l9c4CsPLQn3f3FVCMe7oNtJ4NEcxowphkDdTMNVNHKq3otCrjEh1ybLgPzLby3-AUQXkJrbZP-BtcA1mICvj9BjEHS6Zly4D-AATptFVLrPLG49zjCTZZBa6Slklbd7o3Ub_98NNvO-TxN92IKWhdo7OX1E9fTYZV1XZtiM8tv--_iJ38pyKO3MlCjzWMarYLIH1Y_Hmtva_t4cbl3L-0Moe5S0mgKBX201zWqjh_t4N-EFMv_aqHiFyKCq3Ra0Qx8wDnKtUIe3PD1puZAIQYg4pa2YqtslWlbsKFdoZ3mV4I282Mc9ASkOw7aSQu5W5fldTiMCim4EhDaGd8H1wgTy9U5ENDlC46LveAX-3Hncj42LPNdqszE_cCHbdBibyKw3FIyWqddaShHkfMLtYavHsLypijgXuIy-v_-7ld94nokJhYt8ZZnAkXC8epM2ZBoutug_YDr_PSupeLfFwQagNaQGwIJbifPQNzTGTXIaz5lcZiuZtFUjxEV-FFOd_8pX8G-cNAccbm6TE7VnvCw&reqid=RzQ4mU4aSx5GTpnA&type=CLICK&pos=22,4
https://tiki.vn/loi-loc-ppcf-pureit-lavita-nong-thong-minh-diy-hang-chinh-hang-p126863127.html?spid=160561886,5
https://tiki.vn/noi-ap-suat-elmich-pce-1805-dung-tich-2-5l-hang-chinh-hang-p275515112.html?spid=273383513,5
https://tka.tiki.vn/pixel/pixel?data=-BHYSNZBH7t9wDErwElCgdiI4z3Y0l3engI6R6OSG_iJYNEGx6NKOO9SnoFY43J5hhyziS6oj5GtgYn98LMSoA_Az84P0B87tonZegkq085NhVwTDjLqibLftX0k2VItdWyO6NugAkjqaWyk5Z8jSgpLkWk_7A-Xo2id6HKY9hUsCtZCBEIeUHiUpw72u2afDYGwus2Whxbo8EEWwdyBPGja9miwc1tYVWqht4huPu0KH7WOHr_ZaKeiqwnVy8wFZkW_iccNmaCRj4hGidNCjpNz_JJDXBJg-78E50OvlzfDo5CL-UBCPBXRNwPe2HejeG9nWK9krvR1UnETEFsuKbI0XDMsdVse1eSEkP1Cl26mx-8ZP724HmqHZq5wt859Myv2NBfb-Q5nF-bRulbuNUrLzk38YoMwiobkXPNyw5KRt8lmL0sju1er42U-QvkNHUxpfyp0e2LloLy38W5Z2Y5Csb1s2_xTX26kd99vUb-mSvsKlWTwJ9ve7PlXw1dcRxSFKndP2ccE19C2e6dgPLEepFugOFaW-9Z0czshX0lbgnCwYOFMx6fHJccr5VU8PZa81otb3qExK8UJWc4xQI9eal3eGRITcobmd85jEZD3_7ZibvQXbYNE2jmdH7ZiPZZy8hczCR9qNd7SoWLaSOlXUuT-4uYwNCRzMfF2CR9o8vWlZoH2IrIy4v4OK1kSVrZ_WB9n5L1QoA9h9uz1kxklHMjPrsA17AIlklIyIcoPIfGrK7cjjLyM1DRC-JcQbiwo4_VHlPs52YJjniVxVa0guEUAe0Pa7JWd7dZZ_Vsz204-NsOaVV0Imn9rxTxiOvukosMauIP1KEhH2Yny1fdiJ2bjFhmZERXMZ5b5MUy6XiqFZiZ3UyjJ1hLSWT2WNfDe4CCzd39HoAW-vzSHiftxSdUORNHNGArdyD7sGaz021W8G-bSv7u2kC2QajboTy-TRXNOq9F3zSj4gsl3ed8kOGpCm930nEMAwDoptKbRqRMZd8Bwt15TjUp1FB8vj0zb-AnmiBVQyWW22B9HGZCMR8XPOn-jl2ubCoi1p2lZuW8k0RRp271U7c0I0wIHmrLl0ylaDWyYXVNC3ZWWuIbSOPAPzwRf4nWjcyj_pmqr3OFTBpc3bC-BZfrqB5bKUF110ekWk0WUVBFA7-UImqUyxIYo8xPGp8TcT4pbwTrX51-D-eQH4OSkvD_HAMRLrKlKVsBNJflCaBboEMUeU-vr2SfoID3OP_2ak0cVL9pq_krKGy_4G0mPOc97DRSf0xc2cxaV0sKtIVu_ZdYH1A&reqid=lTAN0dyJ9D1cGo8r&type=CLICK&pos=3,5
https://tiki.vn/quat-tuan-hoan-khong-khi-elmich-cfe-8787-p275522847.html?spid=275522849,5
https://tka.tiki.vn/pixel/pixel?data=Uol9q7ix3ooLpi2oCIo7jYj0hGi3OuiuM1PagCZ387iX96Io9QaThCvDmusVjJVfWD_4YlWq9ZSZ6Q45NPaRrousKXJu9NMQztP_0ClC53cuYT8Gx4vcd3YyS7G-d815PnAYSiUpvKHoOGu256ckccAl8W9jOEpfPyKMn4zP1wWuRZ6m-gFUnxbiKul9UvFbVUSayhlfRdJHTNl7EdO3pZKcYqN9BxgZELtmtXo2yhnd_h385EkKtyGZjSSDPq-pyWgi1i12xgQ2AYC8zlD8IxDnCbKyhuNmNKkFPvGMAJvdGW4YAAOVV3sfVrzxRVsuBhFEercGCgMx-PpnEt309G0ZWxKSbtQiz3SB3y8geI9F9fwi_v80R4qwY6rQh3nPSpuKswRCyKASrX4VXEP3CzStjywTAk7c3fDgiVyATJOXwkPbOjZyoB42Uv3wLqYoV2s8XIeeJ8ON0vpxdRBPOZdh4EH1HBL17vi5mL-mvrFpZJ3_oUjGeJVgeRxetj_oI5XUJ8tMW3Z3PAjfxi8uqpZL8K1V_m27LS6nVaAIWw9UdXN9Eom2CXnAXWaKoXYrmrY9DGoJZn2yeoByKCK42SUZnjcD5XQSAl0GGNZJ9N356OEbImo6MI9NaBLulwUklGIa-wKH4Ej9Oh44PsbM0BrksBYDD_F6g9QlLcVH8j9GnEs5uf3ufcyhJMKK3PaQvqzkj5Ii9-7diBrooybdnrz8EqC1KzGRDkYjbwuhCedrqbedKb02YvPivR5z1xs6QfMiNBzVqcj6cdkErKBL03ZPNgSdqS2zL7IYe6S9F5tlkHIoWffOfz_WBI_fQ-TTRu3tAOuTjsCBMPgBR0rcL-KgowMa8evXDApKgVMMQFpoIKepK_GcxSR4jtsgs4ooMDCeyyor7BQNJdDV8ybVsZbrVMGB8Kyc3RXSKvPkD8jUzmj4tcGUv0wQQ2bI1wUU9vBUIJz_qHRMYi-AZVefPyHCacALRp0QAoBrs4y-NO2ejKTrqP2finla9mOWmW671jDtSLud5fo4NVg_bJzovSu7vhz7YReCie30BrRo15yEwp5eL4jH1zoXOTkhKheWVaNx4F0NCb6XFGRlnfPciOLqTCop5NyzMz_1fhqCW0ATgLH92Q6t3z7RRs3BOx_MbxZUnX_U8ScX8rD5Aeo5aipgYuoBi8AoKhebelc60dmXaYgPNSZImMv150bYA7ij9_080HhtTlOqZrIxzLgKT-LfTj1eSJZhbWL6NFv82Pq0XQCXzl6cEi800hu_&reqid=lTAN0dyJ9D1cGo8r&type=CLICK&pos=24,5
https://tka.tiki.vn/pixel/pixel?data=KgzfmKYJfwAQBz5ow9yhRNrcpwbz1ATuu5fVRicXrGLf_51O0ivvuPdQq56lljNbpgvNoHGVQo-bNoKGY_rDF-dHVkC5g-LuSQ90gDxwUduXnIttaI32DOv4W183WFArQT743I_CVeNlqtnz2Mndf0BK2EqV5O8P3kQF8wDe3mFGaKkWE9ZDmKxZpOV2Za-Qmj3QSJgR98T08-fkYGNvAqR5t5APonY6N9ZPLUDpAkVr8TjwrS913t24S5IQlL6ARqBEl1U0fRl6iomEfiWhqMJSDHU1O4van3_Cmw9B_veQyWcC_s1y2XTQwZW1lDyENmCPVjM4D0xdwibnY0dAnp4dLTAkaRnxQEQ_VN6YRYdG1guBMUpqlY4BQWJxxQhY68A4-w4kvytxbNT9lMH76c4fO4CQf1-3_LPv0GVz6CAK6wkAcF3zvVrFVybzRF9rbGeQf_-u24PX17nwuNcPM-aV0tdeAvkYSgG1fRQHKkRmdbx5s44xOQ3ptTYPxb7iVnZh9SzhLqW6-cVPtPc13_JfiAhA3krYQRZNfsDqoAlkr-2saa3LWtpX-2oz1Rbh2QuDGahBUn7NjXVR3gGkrflEIZj9JVSa7TT-rIK9YWSYzc4wHJB6hFsD7mBY-jIH1JZhg_9a8O5Qtk8V0DtGzZJemt9nzwiqrmtE2qSbb6UYCFMXBxo5skcGthysy83wjJPuk-HJ8QyX-w4DHVgkqHM235cIvAMnVP9FIqJe-zYCHmG3RJnqS57nfs3ibsSoninb3_iPTS6VxxC9Sa9-2uLGx29P8F7AZ_JHMf4AsFSN9H7V_oL4EVeZ-hRLL_FH9gAf9-sFJDWRIKHKK3p6r3tbaWgWZBecnvYe787YE3AkrLviC1rZSu5Q99F83c0H-NDoKfQEugXh7-QoX0GubI5FF3gdhtNj76IUeDdRwiflvIv6SXUdYAuX2UhgIkWOYXJlXtc_9tPI27da1SA17Pkv2XwzjAiSPOtBADtAafr6VaplVmlfQrL31eXxWQ_MTLOYrB21jsGXIKTpumcfiz1VH4iIdvq-rSi_M33B7mgMF0FVbKm6Tyx6JOeIVVCJVr-D0eR2WVI1MtYhK4xUHDdv2mS829AVoQ0PIvpcP9jv7bGRdGlB7awI-LqKsu8FAinsQyvlb7ZXJDzLk5Rh0ozdvz0OOI7EV65CYEOJaOXe8uwOFj-wNhj15LAFdWsXgRnfDVSMCrocirzhXwEW0ytAQv7VYQl1pgQUPbK4sBW7ZMJE7AswRxUrMSObvMr60IlJBv1iBEKj8ofMRv73e1xLWQMbtwTIrtgdreRSM9lZTJcp9iNTiIn0xZDKMRJUJ1G--REgUqtvjW4Yhk1ZvgiYUBt24DBiyr-2HMM7kXFfCeibZ5tqj843CDEXo8CDMX_uiQVgb4c2ld9BKN9NLcLXM1IEO1RQmAERrUSslk4xQrJKkZaBcH2OWlEC0Hc45Y8AyixuhmHDowwtcA7A9NcSJfOGQInxAmRfgog89zLEKt8qhfKz1jPzQKnXGSPqFBO2R4tiY6Pg6b4f_xSUrPJUScVtidiE&reqid=kZTPf0hJDKYqy05c&type=CLICK&pos=3,6
https://tka.tiki.vn/pixel/pixel?data=mql8Gd0cRflSTyx2upxqRlsZUz8iwKxyDuZRdnYnC42eJprvn13hMl1QAzheKQPKlWPn4yq-lK1jRPVm1WtDw_LQS7hv694dDC40saEfQsAUmMGyBZmLBQBHgkrktgYoDCQUfGBgt4Cb-4dBASxoOcdZODt4rjv2cCgbttNgwhwcreYZUPWeY5NYG6SjpEKliLk-7vpUjs00-MBhU98mLkNBIBb8Io7Dd7VYeg4QUpcPl2Emj9RJ_wSS1DsKXgbfH175TzjvbBo2gH6W3wVcNqc430GYk4Hn2REYawKyFgM0_ah5HjRX6kYwrpQZAoTViqyzKbq71VReeipe-ryzwc-e0pUDVCW99IG2gXysLP_YWmitOa2NDBhxXhg_3Loxb5r7KtGSBTRcNJFvjDPV6wdUvpD8ngizEMF4RFyJ7vJ8KYi2BctkF0VASIXtupUmgpsKgOl9t5O-UJZ2eMaAiUnr-pR-jbPTEQGyZ_mS8BDjwk9Qg-mBbMzn-oqkLcO3N41ZNp7FcrmXIl6f9q_K5hsOVFZEISSjHBwK6KGJ1TjyXCz6nnFhtr6P2bfMw42VdsDidVN3S5IMEv091mNNNKd0KyPTrenYvby9F9MjiqxQ0sYD_wFXPgnt0Rw6VTrZVBgnWpJ0ypkvYH_UVUhimzkEPys49QLHcrjqp-U9Uu_HPlnEiQ1jI01xm0moqFBv9q9IhRRFGiVbGnVzwQIJMbNPZtebcNmU38IVhBOgZPR-Zg96o3X3U-dXZ-hUQ47-wH2MzIF8XGWLE8RxmX-dvo-q_V4nhbClNBxPmtgdRxIjBRMWmnkW046Ppb8NO88SVvUKpxvdv-qbhx_dfxHxRUhghHQiJtVwXfUUSDhi3XR3gim3Ts_p-HO3Q959iO-gHbtwN-_lAdd5DypEwCkMvSwi3ebC4fw2dsy3QbSkfmVGWiJNHtr1UrPktu8i3UWrDVkkKoaMmUyhab2NLju9pY6qTcnt8sOOXbjkuPOBGFb9DzOauolsJPx5_qnF-6a39Zyc4wWoMmBxaKywiMJMwW8NAKHtpvMkFgCNA85rC5lOen-bUpWTpL-2OmBuF1BPb1bg3QbGJBfc77vnD7tqTKylAmACLGtnrgDA1PN9h_JbLKnMcRI6npxfAAevM7WJnl7L4Sfz2S8y6si_GprgXSOa08jg4e5KELYY2OyOc1TjKukN-KkdwKq5rw4lx8xgk1_wuzna5e4H7lWkZ26g5e2xEDrTboq0hjg__4oA7tULw-qQUuC3RT2fnGofEHPnX9HhFRcbTfQ8qDeK2Szau_-zZduGO2kgx-0fn-QE-ouoIlFMn8LAo9LxWxkUjtshzPwz3GdS_7gt4llWWmCAq4v3B_tPv-jlWJlqbCY6_XC7ogd2QWDDNnAce1km894vmGQfC-IXzJatqfyWnaapwJ0&reqid=kZTPf0hJDKYqy05c&type=CLICK&pos=15,6
https://tiki.vn/giay-tham-dau-kiem-soat-nhon-ngua-mun-acnes-oil-remover-paper-100-to-p1634981.html?spid=10862722,6
https://tiki.vn/nuoc-duong-toc-tinh-dau-buoi-140ml-new-p275970393.html?spid=275970394,6
https://tka.tiki.vn/pixel/pixel?data=qWG1FQJRepQkfDQlR2tXQ7gWl7hP2StUEfxtQvCAvjqhtJMSynS4zWquR2HTz8uVaAuNmp9Pq0-lbpGFA47QnMkNsJxjrqOS4dyUhA0Xw9ib3Sia3VJp_412Ic1ivDNIPW0HcGyNEVBokYLyjgKrspFJAf0APA0LtotJKV-pwp_sCpyqMDRCPUwTfwfvlrNjCSJAcX14nSnwmmd3v8n6ZA6ZjU536KDZs1mY1avsd_GU-jKYwupfRtzVrHIU5oomGj7zSW0fK923wBVj2Dj9QL92eA4-W_NLIvImC1Oq3Zn16daaJpbGHsjySxtm8X24cP_e96HYbQea52v3frqx3FDCHHUHw6JrPbzpXVWqqDGPwAbcHWqMEc5kXcCoRhdLC0vUXJJah4mGEcDJvFI6D9B57mp9TGmh0XCTFYTEOQjD916PveIwQXMO9nekYHbmDhR_f-00gXBg6PXbDcs_uDt34yEabKZX2WDYEXMDu6kUop2YJdQM5wb1UdaPJchLTkF9IMupcKhdf1FUp0vRYajs-wA-m5GiGKZphmjcUvUU8Xr5SSkjxRsMBrLlMtY5nMEfriY0xZKr70dIOZ7XGSJjMkoeVpYCKMtK-HOPG0swPijyKv8CSM96RZVYXcTf9I_fYa9MBR0YyqU2dC1rr_Iqcdr4SD_BfcGbpw-dh3h279KORKIyP8NrdAXQkuEkUgvaeGECCSZM2TsoXBAslwREg-Pbbq-o7miPoJJjrJLkOKeWmOtfM8eFKycXgI_icJEYTmFmv0Dfkd9RZ75DovtjcUUDAr5U0h74-JUD4emhDVdA7ldTjl1ddLxr_Wxf6fc1gfpC9GY9mTg8c8kz5gEuUd6p_4s5Le64Cot-sBgDgPxiGnvLjxQc4w9SK0MuvVS4Xhu-ijBwOJsyG-fFrFbS32GN_ijquu83Va7ngh8jt-6G8V-YCPUUYIK9c-XeWO2OIfBq6IycX-L1hlgRNBJCiod-aIhTj78x4O5iie0AiDmIJXXfYg8ttvE6QDoXHqeWr7SLstml0ILTHFCfd5LAgU-NJ9NtOIA-YqesQ2QhPUKWc-jiQgnV5It2mI0lNQEEF_VeMi0K34y3ElKIMnd3RXFxqXlndPmsfqnHHb191SNRlXVV0gp29W24w8Q1edMHVnaC0eJXJWtxLYhdXCMd4_PT_xr1DkFWU5d2pkrvWEDqc1XnFxilZLJTSa9YBCBtyHUM_S_LhoqUZHRSJd0q4N-_xFD1CgNyBDN_uPc3PrWSbPWVidDqxAnlSL4INlFhkp8rU5ThNsEXM-fp89RN3Qy-ZUQgx-rcQCGRf2QcFIprENdAvuD0aIEggiwJFo7ZErLezjdZ0agU67PMnxsHJwJz_9S-AAD_acYjwEjYs1dU8FiqhITT0kWn7yqE_p7UuEafkFQdwfnS2yGLgh4jxia3fJskhUvR-yGZ129XEe28MbR8TI2hAb5xX9rOSs-gJMyf64r6fQzTNYQdkUWUxdQ&reqid=kZTPf0hJDKYqy05c&type=CLICK&pos=1,6
https://tiki.vn/phieu-mua-xe-may-honda-dung-tien-sai-gon-p96018406.html?spid=96018408,7
https://tiki.vn/but-xoa-vet-xuoc-o-to-xe-may-xe-dien-but-xoa-vet-tray-xuoc-dam-cho-o-to-xe-may-xe-dien-p277037423.html?spid=277037451,7
https://tiki.vn/nuoc-rua-xe-dam-dac-sonax-gloss-shampoo-314300-1l-p7295755.html?spid=77548532,7
https://tka.tiki.vn/pixel/pixel?data=D6Rkf5AG9C2oeXkGlvXFvD21TcXevZccWOObxxF4o_MIBgG6hUwgu3P6uVZGqfm6j5gZgoRVjWy-SGLTXaAuRhBVysXU6KDHxRdQqe5uquqN3tQvHCVoJtJiXhU5HxJB0hc3wiLw3272DP0gwKRc0kqjB1M8xKCEggjapUJDpkX9kl1qxSw7BbLtvBVoI5e6zNOkuupYKqypPOQBpFpWMKXAEmq09ZkeKnxYvYTRQnT_ZINzUSrIi4BTHIZ6lOwfnfwPB_LHcCosqyTbWBDFXYMkZi4LTBxtHJm3WJBTKcn7nsAxBVZODMQ6M3Q_lWvfa7LDKswaXTddRMeYeqziZxrGn6nQY4ZxW285aG5QNCEhIgEzp34mBSl_xaB8Hx7nW2cdaPieG7FFDlgB7EyBq-M5W-fSNxuqvbp0KYCyhONmv19XY7w4CdQUuUHhv0ZyP8IU3mmnUKtyPYIa0S12IdFQYNQvGyqh0mt5BmoJ8cwRbXYr3OiXnyYybNZshThBQA8bpzsxDpq_-aYT4cohmS4M1gx9i7lccZsSYhfadEk1vjQVh6IH5yuCnB9WoVS0M8Pp-wjNiXung3T4b6jY8TritkVI4KDYfVgK9Ju1QvgV7YsEedFZ4IXz6hNuNR88pzqZgo0xbUoDY_S0HpkjSex1E18cp4Qnnl-XQZ6xlZZbvzVR7i8XvMcI-lGwpi5nEN-70BObqksFLhWT-jyLSDEVrbNfoArTJJpyVJeZBtTHTKpJYEoEjJ3B-IpxFxGGfLu-gWWRyMB3XKyzyUoq8ninpjuWDkZLAIjAg29Sf_LKFlamJc40eCebxSqszqvPGF1DwfrdptYU2PAjj5wKUDXQzSaKu7NvWhqCVIkDhtIKmk9z-fhpmUOYoNa1F3fHuvRqse3_92H7dS1H1LRcCrYrhuVnIULVftny1eS2LKeLIQ1K3xHwI99HtSaClyu0OFFfgVP_PxQIWOlOlvki28EHk7Yk3rG8Pl9uwU1rfnmuvU1ZWteTchJevdaOXRCsjjc52vJEpni9l_7MfPxlc1f4sCz-NIRM5dD5HMx_cCJhdrcdS3LNYwVLTOqBmjT1kOFb98eL1W5xMqZJwqwNq-f9zVgW86E4pjruoFPqQgNYAH2X9vwq5m0Er3cMaQF4chaQoCdAomGZ3sKcIoBMrg1BYrKnr8v5sw75Q4BsQWALCUlWJa4Zye9spkGvSgs1fAd7Mh7KfOHT151ZrmKjAaDZPWGSLQ6QbUXeTaGIKy0_8uxC7MsMDFAmE2bl-O150nPG4IuZjHCBgwODzAY0YrpJeqKr12MkkDbmINLZrHnl6dTmIS05DrfiZjWRJqCpQXLXI1A-HKCywTbr5K0XiaedUvRLalufWbJajDcKbcEcrX4T4ToVqn-SDe_jh27Om99WR7KfHn4fnKt0PfkEnyw7pSDHpxkFnbMjMDchSzzYHea2cseejDaE-kcToqqbuUPd5buAZGnf7hP5TQ6S0-ttsA_OAdOJJsF2aq9TpR-5vWu2yw&reqid=0lVeFY3xYmg2SrJX&type=CLICK&pos=22,7
https://tka.tiki.vn/pixel/pixel?data=EuqbjICvUN6GXsNA3oUHaYo0vXa33sHmXWC7fueO704RMlshJaFqnN8xKGABE-qVbDaEUZMruNyocxhOm56t5YGdvrL_zkVTTZaJHLMnEmMXrIVoWPIwyUxGXEAk988trC_wy5Tpn1luHtpvWHIavr5qQ517U6CT5GhJq7PV19qoCN5ZPpaxYiLjNqdGDbtUaEwql14evjBILe7hU160_P6ig7p7HEhT1LrtZ2eercLCi4FitOs_gm4af1fogVe-R2-xQt1LXrSFe7dmHYkcOCeTFChz0ZUZrIKwp2q83uaI_cB3X1n8vnGMfAGVJH_fZFSR98xWQ9GGxc9BZhTR3TyjSmatxUPOO3zkh4YGEYCJxDm53MWq1jTuVhbys2CQ1aoHtW_-NdHlz3buABrLBw4KYpMbWO6uwL3I_vWFmpRRA7WiDtWrLVOOkeY0w3JeR-jzwjNfjnE5VmVFzL4f-2kml_FbG0vZPaEHy9JHdbZFfN5WC5lLDEimnXUkTYEIbAd8uO5nUFuo_aP8R_QRA6MjB1yVQpOCeOui0s1hnkMRfwZ0Ca-tpT9yAX-cOJbEqIpNphfWeQv0jyPG0JoceQUda4cLU8ritaqYqEOCtykbIBiV2GnXjHRhwYhiLsHN1DTWfBiywA2k9EBoHC-Xmd826_Q7h4TVv3SVnos5ZVvv8FB1OyhxdW72K_uJG0N6E2TTTzohgD7cS-9qMLRyQPOskLC7aZSNRX7ymHNwfoqt31GkJXCpcY5Wtab8elqlUv3xNPJOYmWAGfxT4w9e-0wlJR4F10TIuT5zP3NPrz1GYqfKlUxk5jpRokjoAknwHQIbPi2bjdOv8jjDs0QYJIfVgn2vAtAhMbBdlOW2KCno7Lfxw97pgN2jqb2ZmB9xPIVCxRWCK81iVlHPfhj9CyLbWI1WYii1-n8AgyVHWjvAojnQLOL_yS71IE1fkogF6px3A3nGRhwo12LfJW66mEFOptqZTDm0XYBvdS0aoCStPSTa0I0TNvVDnLEuqRMVQhOPVsx2Za07LHNQzpRxKQj6EnfFgt6WiQr0Oc4UZsRjTpjE_1wqBmtvI_s8IY0ZE8Tm6XztwLx_D_DrQ1V3eaFqDHRsJmO3_0XiZ8H76dmobGuOB8HOvMYQCCbO0KH3fhnwaXlv76lD1fhcxlyV53kctKcp9T1JJSGlTlEbjc9eg297GCJ_c-Q4UY6gSSXyctOmVTzIgjpBM9mPfnAhk-bOikuLNDzeKkNSTD1I0VQFsZisykUuffOUSzskTOxtSz9YYlx48g48jfI2IFRU7lgjI3M5gFSYlc3Z1HIe6mjh0grf-5cfnrl_EvsJbjfNfm3aX0rICbL4Z7yIwm_rgXBHoDzxuDUJx2EJoPQ-GbMDqzyl3M97WCAsBw9ysUklMGFC_Nj0E9xrguHV2ZqfzAXjwkXtZcRgaYMsbZwpFT4fhDBDvU3xr3xbOCL0H-DPNdG5DsVJSkf-31mFOuFL3sHcRAggyfrXFmf1&reqid=0lVeFY3xYmg2SrJX&type=CLICK&pos=21,7
https://tka.tiki.vn/pixel/pixel?data=DeErzI5NklaQOHWgNpUJHa90uX7Xxen20c7UZ8kXOkQXyysWe8NJd1_8Y8PkzYQtrg_YkiUC94nAnopqOdAbteKj6e0fALcOkBn-pnvUotZH-9WTd5erHVBZjEpsBGwnkKfKeEcgvt3CxHkqJwPNUJyaH-Ib6p0Ap5CTFG1RyePRfeXqjNU9axWHhJ3m8o52vxw-i8rPQNDi2Ajv1pHT0MTT3r936WS7_Z0B4ffq9QIwnGlAAT2jmpI3dZgB8Enwlso_ly92BN0m7W14IsXxExJyqMFxSES5WeySfxZv1li6M1io_SQeKXpoPANs_YicYpTQ_ZEz38a4_uX-xdcHdMIOYeyZ9QIE3mUiQx6eiSsG2KMZseMapvXtsXm25bJfWaD8PjzOuocHqzLckdGRXyOFzH8KXg5C1b6bWsz7a0U0K1WD6ImEnA88cGEu069_ta8Oemk2zvEb-jGjrbopCOVRSxoHD7WjaKJZZ_OklcZEfOAuXIqJldN0rsGVssaXtOOSAgmNulpWkq2Xo7f4vveAV15hNN-CgV8DrxtFpgYQB3nSK02h6ml6Af5tAIYyFebNAs_Tmr3s-ogt_7fBdco_xk__mzpcfrooweT7ZFNEuH3aRGP_EIkQ6LEuKysQODCHjpkfMU6mWsOQu6aUa3kizbLUm58eR01Bbcb9BpJPyHseNa7Ead4gfABCeIGDf4WLW5sFRkOdSsOl3Eb0qDqsAOu8zW3rDMFEHJJ5cAttezDzqUOqWkLc3e8KdObf64GF9b39zXeE-8DmLqJxUc3waalM442yb96ZWpuKTgRC4wRwIBCtUXKwrUYchYe-CywYVivG22HSlM5fYmq09CMxhm3OzJRx7HPjv-gZgJMX3hOn8Je8glGe8HhgBNlEZKNh5XO4Q3G9LXofNLVPgW6YT3nuEBE1BljgaEHAm5VwrFLBrO9-kC5FAQcNNBzSOVoGoD17HFsMt4QQiIDoYOpV-abEoqJSljZiSae3tvGmg6EgH0C33BRGqhq3qEYs6dJWYA2OtNYYWMhITYpPVJCrY58TiLpNwERIsKfFQqdiAa8PGcOxZrzvmEizW2ar6rSorKg7Q0TIouFzxzGCZsglOKBtO8nd26B9-gC_dkKnwtM8IMqlusE-UQziLwj8rUPNMvWSRgxvkjfucL-iQj5EBfvvP93PBpR2J8HA34R7J24uDdlyjrRJRmIeYDv4EeI7a8URwyPu_jchWjz6fk4BbvZ0UdHv54RH8HtXHzIzJQ0mLmje5g0ilc3fMTFS2CW-B1Xkpk8M09lMV5zVYsAjx_HTTT0llbTdYt3rpPI4fWWpm-8-CnKutnwXBqb0CDJB7y3szkvQ2Oj-oevl8KR2FRUTWVthHRXAVcHBQmEflUSjSUlw-E7hY_f1tNmtsH-POxXY6lfMFAhfZuVJKsS5jjgKP1jbWBjBXm3zskqANQFy9MPpM2KxZJNaHLFndnXuGsBnfIxLVPqvAJzDZI2bXn7On7qWHyg-DSF4VUtX3-hBekjq3SQsenWEshJKhb86jH0sh0vIUw&reqid=sHLFi8zG8F1Jqizl&type=CLICK&pos=24,8
https://tiki.vn/ao-polo-nu-adino-mau-trang-phoi-vien-xe-lai-vai-cotton-co-gian-dang-slimfit-tre-trung-apn02-p146222727.html?spid=146222731,8
https://tka.tiki.vn/pixel/pixel?data=Nb9JCi7HBKEBki5Rmf0HSmxs86eR9bd4B75LXiXk2C5DF3zOVAc7sEN07tC1s8rCaJ_n6EIewnZAdRUp6zvXYxEplb0NwNvStq2K3SuHxeAO3C2peeoHHhytY1577_0TlVPzsIn3QsiZ4n8t1ykpwZDFTTBcEJoKyU99INpm38bvBur4bJYScVRhrck6W7ueurl9laamZCJrz06phXwfDe8twvZqTtFpNbTZhiAXEnYHjDnS2kXdO2vPUxjnWDUh_p4BSNFONonf9wd0u51d4GQCSakhPN4coB9EO_sudBXmEybySmr836CifQIYpy8tmmI_sU-bWjP-hsWXAF_vZXLF_c0_uvL_bnIFVvWUMuBjl0d1Tt_5Xa2xZUSIRtgbf3qMBkRCqCmlRoLqQDhNcEt51QjLa3zyGJ3KbtHWRJblzDyH6ByjIej__FwyurXE3ily9TLafod6jy6HPNFRUJUeIQ2XbRsiAa1Ugc2hsszwi9bS8A6tJabrtlw_yMRStGU0AgXr8k1BmhiKwGid-iGsIFZ6h-9NoBUdNsgOxsQfF6JrdMHkdHh9knEc6gumc9Ro6oSovojWHmy_8dQG-rZz9RvEWjveQiPRpyPZ-_TfenIcsVa9oy7W8hBJKxh6vRUWAWuafO1a6YfzeIJEs25XgQITnBDY87Zk021YGNJPTVlU0ZUdyueIH3p97kyPpNQ3wZ_Msck6iAaMZtAJgnnzXw4d9Ghs2NiYOmYeZrBhtf3HB1GzKVRlwOSBj7xL-hPoVO4ItujppMtdGkRyBq9rxvSPS04wuwsmK2vCbjpPqbJN0QGKcpGUEJVs6I-yIl97zvcm9kie6o8c-HUL7anaMSOQtwPSNWQLGpf6gyGhYZitF8eDVovhGinP6K00nQSay4EByibzTuV2iFeXZCJdP5jArAveE3SyQ_GLdR_MrePNyoxgCQVsRhvK2j1t3s8wUmPKA9TXR-wfhXjSqUzAFCZ5_nNKJIo6rdoe7sZsoVzh-MUJsbXGZ59DY4UQ3bZ0xhkxw2VABiN_8_gN2spczXd2cuYjWPf4daoSAygOnGjaYgEUDg5Z6TdXd8R9EwlArFK2sckGdvFDDhzLcNQnbWDVgzL_tEeKizJNpYVJs4J_btxZgFVGISxuoH-GgXYcPpoOyE_U41ic42ZfLrqXcfstHscx8kWyZ2NJAgBKqgYSf-LzXflutapSSpwrWLIZQHy_sOYV63h0Uvl8edylKeZlMHNrj0PjFneu2gruMEZ-ZJX6Za-3DzfQmx-a8MLP9y3Y6I9f0zaE_1KadjO_Y6xXGDjmovnhSoI2OMPpjLJZnEx6hwMzOKSOxYUz-utCpWJDnlCyqcWWowv5ZbB3jq-77dDUn8QxNbmMFe5owVPc0raGO2tni_pjYLMre8ibNjC8vGPh8mK3z_3i74y-EX_RKKvrCWfzyp-DA6GrRESAWWLDqYuajbE_7Dm4rkrVYpnz5zMAYvVu77PWK5ukoGmU19TksSoEy0XjN79L88r75tkyUU_UOPz0hgDx_Ni1&reqid=sHLFi8zG8F1Jqizl&type=CLICK&pos=5,8
https://tiki.vn/quan-lot-thun-cotton-wannabe-qlt02-mau-tron-thiet-ke-om-sat-ton-dang-p66089930.html?spid=66089978,8
https://tiki.vn/ao-dai-xua-ao-dai-gam-may-lua-gam-cao-cap-p138533230.html?spid=276643697,8
https://tka.tiki.vn/pixel/pixel?data=Xo9KQs6NMesebW3r18TrEu6ytmlUPea7muVbvP3CuAjohz3gRs77wsSXQPJOJ2I3BcjFrOLF2J8uAp7-jT0uKruxtcVDi-TW7GLmjScjA5p25FdUm2qcNU6VbklyLa3nTX79fT47cUy7pKn3jHBf3SX8HjquJRJZuEu1jtNOPEbBhcjQIO9UELG-WNH_gh7qlb3oYbrUdUVwjMuFYIsNl_w-d8eBgZQ5qgFtfeUCLWggSnPUK_t6XH0ZC9ScsCuSgSoHzCEuLRo7Jp7w7nQYF1UEFelL1clKt1gf1sA3UI85utWpEwMg_CjP3iNil_yooy6DFiX1KrfarKHyNzTQGJQcFu5jdwgsZMknHxOfpFEOv25IC3a5ojlp8dUcl3BTDwi4h1UnQ919dLuML2reDudBXqsf6yDXXrR5CrbYTiZf5Pbeioce24VuZOq0N9G8IgMcpn-RfC3Fhm96xOFgUVEr27BGSDGrkQ1lHgDp7CDguLrDDOyaaf42T-Hix7DQd20TaIW63uRZkJ5AhfK1Lv9TQZrJNMKKlAkmjLCfv4F4wIeNvchIAp6BIvMuy9ycXTFZisL3O8y8IbmJwOQa1qafk1nJuvhUGRhF7HtIXlEhK5RmTqL5IRRomNAAFJUNv8afmqCavuQ-iWhGUZWdjgN8N3kRZwcuU070iUx5aoiigLJwlHpjiPB30jIBGdVXk2MOwXHHoD3t48NZrdapsVXN42Nx6GkkskHkH5QGjHJ4VW62cxE40DsW0nwvNGJjjJEkMGWm4lCjW5bAMqOrlCQYMhYj57JrQyZDkXHT0-naSeAF7ewaeTkSXWONDe1QlYP6yUKwpBWQLhWdx6qwDrrwkhqCTC-CdIlSbbglm9i-RTvNIe_w1MS5lSlhDV7NAR4dYOkozyx1VkJT-WSYrWlSMnkHxU05yb-HCnysTmSNjd1BHfb9Byx3YNyK-l4yjzJGsMLfX2vcgWSWwPoqEJZA3U4buWGDju10KQf-xDHntnlpVTqOVQHYQCPfqNx8d2uoUjKXkJmZVSsM6BIP07sSNq94nckaYAf19-ZCVf0zuT_b51fnX1OYvY7pu9Lmb8jYt5xYwtwRq0to6v380Znmcj-2rPTQaS8z3FK3ugoSfj5MjH1bGT7SfbZZVTrD00_dKrt89kvw6pDAFkKGtemc1U88NtAWNzUPw3IM3bnu9tiwx0JQFNXyylHAAmErIo25ZWyDyyk0LD_GmWp9sMWZBQTOz8MIdeyJyAhqyF95XFDwbaCtwhLOx5gl2kvu4SR3X7w7bcn2RGIdKM0_xo02bOYyiQGxHyePeWirWic8u7INLGhTJ9PHQv6HhEYOPq4gJNDkAatzO0EYG453ZO6lY8Lt5DEMwcVeKGgLCq40noz5v40yg7OT7TNaYqCrKz5JiJe__SXSb6xFnlW3F8tHEmwRZTr99O9efqfVVBYoSZDynu_6gdfgY8hPl3sxTDlAfBjv83OHSNYlgX2hv4uoLEpSnjmxsIJ2nUIbwvsplV_fr7zrK00OLyuPy7lqLbJQz1mjFdupzMMLoX7unFEkMl4PzxPoOw6p&reqid=9RG3oExAMnjQUsVP&type=CLICK&pos=11,9
https://tiki.vn/thung-48-hop-sua-nestle-milo-nuoc-180ml-hop-p10240037.html?spid=10240038,9
https://tiki.vn/ca-phe-hoa-tan-nescafe-3in1-vi-nguyen-ban-cong-thuc-cai-tien-combo-3-bich-x-46-goi-x-16g-tang-4-chen-su-vang-p272635015.html?spid=272635016,9
https://tiki.vn/thung-bia-heineken-24-lon-cao-sleek-330ml-lon-p271626474.html?spid=271626475,9
https://tiki.vn/bun-gao-lut-an-kieng-gufoods-giam-can-thuc-duong-eat-clean-p76045155.html?spid=76045163,9
https://tiki.vn/bang-bao-ve-co-chan-bang-quan-co-chan-dai-quan-bao-ve-mat-ca-chan-teement-mong-nhe-mieng-dan-chac-chan-hang-chinh-hang-p217154667.html?spid=217154671,10
https://tka.tiki.vn/pixel/pixel?data=ub9L_cYi0jQ17VG2FvDxlKM2RG17c_e65zo2ACBXoIeVtR472fSnvwJkjEg3BezhGidEMpH1a90d76_Ofy_atSQlS3sSbyqsioMT3uCP_YwbiH5Q_W1Dmf1dQOvO4AQtfBhKcU8bchoIY5c1msn4hTEYvFEWYhg37L6rU9G1Ob78XsSiiIg8NPykUQSouigxHpjS6xqzD212lUCeqCPHRM2ydHRYZ7AUnBLCFFESKsw6UbK02I8CcU4bT6Fm4SE2T3iq_mbzxhiTLohqYHCX-9OsE4YWmSjAX7kWW4HfyKF7mEj0cqQl3wdsfIPomsiLkmmTsGpHc7HG6AAqX4OPWInikpGRmf8yGOINEr2wEVpmIaDPYEyzM49Xctlk8nfQ5OQY3Vjz_5cpeezq9JxmRcCgpDjWjgzyuJEhw0imus08m1eLA17BsMNe-FSpdnHGaSOwPrH8cqyaY3DKHdRG-kVSYOKPmL3ZBzQ9tmMmlYai6CCAeHpi_qyFUHlO5IPFSgLnn_FoX16SLN9F_Bqp3zZ7iF7KssbtQodP8JWatyDCR4yyraRf2DzWA9FNx-yl6tvbRdFg4CncL9c4oX9qe3SODr9XF_BtN0IGTg30Ya15omnAfEz7NcLm22GkjBNq7SR2DRTwU-ooazCyLzfNy4LVeB5kv6lC3EOdDnbm3wy-lPX0pU6AX_JqvrE1veievKXf8xqcrFtL1DcpB_pr3C_L07dvWuH0gNB_DuxPtUZ3kPvBoIhzIq16lN7pyZYRHqy1lb2I-02Dcp7K346EBjc9K7aJKd2niFMqBRYh90BqSJ25p4gN0QbHmGERMPUh7fZYA3jFjUCmShAX1hb4FDCJaRLdB6SRR1pyu8UiJvT_MsK1dVLbBy0n2F6yT75-TB8GOHi493sBKdyp6qfkIu28ljdzrsOpaGDe0duO-TCSKDSTnUuS3R5aBvoxEqxtCiBLnMRMHl8dDz1yLWr0jmvfElFugj4f2nijwNM-DaHau6Co0dfVWg90UtTCe9E-zxCcYRE2ubzcW3OgRQaXmeWHpZu2WVC99G6CKUmh5vvOO6JWxm5YiRK07F5oDiQ9g45eKrHFsZcZQxxsH2q25HpUfZb4sB0kXEUVHCE6h-JHSw0xA0Zy556YCX0F0vZ70qauqNufaHgMU6pKGPe6XmGatajWNJR5JxVBzRhFGYlV7Slb7I187pKaF0WjNEV6YR3-sSsDPLDICqXgfB8c9DTFUR3DaEvEBftwRPbRvUM5vOvh2dU-Zu3dpSjEjn5Jq0wWJ7nOF6W6aDdillHMOuLmgeSZ1l7nthv0tpWX_70FN6eP4lUePncEzicXxx2plmFPUoNAREtddyq4gLo00SgNxblzZ-OSYsuMvIYLMSlMB8Lv8YGZQ38o9tn_OqMekew8ph8skiIbLjKlwWGJvZq9uft-MAbuXunsPaPLZV_Pm7mKTCZU9AOg077djyp9QW2EAuDTEO_94c9DG4WBwVipB4BEc1DZ00XFW5BZKC4hcaPiB5NfgY3FMTftpLZY9Fu5TiT3Z26iZpvN0Non7rjOiaeGHvmKaNvo6ZgpjfX375skJX9sfWPRtuSR_nTzJ20H7xKsp43-ek4MYUfwLVrC6yZ7HyzbuxfwihAxtWq18_vLcbqqIXj3xOYPU5SHZvqqKzrPMh-oDbuP5GGO2EQ9upCj3pnhY5UpQNVEnz9PmsR7_lPlpBM42avV&reqid=lztAT7XzuMRjNd5C&type=CLICK&pos=22,10
https://tiki.vn/may-chay-bo-dien-tu-gap-gon-co-dieu-khien-tu-xa-co-tay-vin-hc3001-chong-rung-chong-on-dai-nam-sport-p183333358.html?spid=183333362,10
https://tiki.vn/ao-thun-nam-co-tron-tay-ngan--chat-thun-me-mem-mai--co-gian-thoai-mai---formen-shop---fmard002-p103491899.html?spid=103491915,10
https://tiki.vn/ao-sat-nach-the-thao-nam-tap-gym-chat-lieu-thun-lo-kim-cao-cap-szone-sa108s-p116410179.html?spid=116410191,10
https://tka.tiki.vn/pixel/pixel?data=zgbv4alnDKvP9yyyX2vRAfWVPKF4c2OdDh0s_Ar8xmOul0cUyK3cadDzWZd4LrFgXnw0MCMS5cnV_Fvwwyny66ipX_z3y6niaODRIavX_9Z9o-bMZ4otNWYZzt7QeT0NhxwcnsoKvKa0uUpX3FWdnWD7AmOZSJOWTvMBfE2Vcuvh1wdBImY34JvhH37Dl53_FxxDTo_9gcdrSMH8r7sjCCA2_wvqbcNuBJL4RWDGV-5WX-YM-HBarueHsSTf94T0x3qcKHx34eik3rS17ZuZtmfHB3NhurRT05Grr4KInR8m5ggC0pm7F3XDxFi_V7Rg-f_UDFNLIbUeE5hUiXglPpNji7J77F4bKCPG56qEcO0Z9oGBVlrGNky6fwDatMiaZUobrSyBgyXCrnvVFX6__KoFTKoFQAPBSX7hFYZ3jWox1C1Ue5fWsh5nirngJ14MA85YtyuKPqa2L2B8IBi2SDZY_CzTeit_s5WuLwF-WylapktzxeFX6etP7BMFHr1t3a4-pxaj53ux3uxeyws8BjfmLpjbtEj68ZUWy77DXmw4nUkWeubPkURJrZv9z7TJLsEVlKt74uszxLwo47Wr0hYh5ZNcCOdnH6K8VySm9io-XBVHbOirUrn0oEiw9u_BJfm6VTw_1gUWXYenf-JBi4tCJtZJ7lGzhjdTdh_Y_Vv4GQQvk6dT55O5N9Tm0Cqt8iWdgODz1H3jvctaCs6ItFN2xO5PbRi5Ao_QJRtly5qiE_KaMALppH8LhReJejbqyMJNGbTpscNIYCz9kdK9k_ztHPGe6ejdlYfGddaQwqao4fhHnv5gbb-QAXg3w-RjRf6_PiyLVMBBaqj4zdz5IJ_3-qtpuHYwuYThLT_fNA4TAlGXP_BqF_zURGdNPwJ8Hylo7SZqhQuIdTe74jlFDfE4V0Qs9kMPl_ja_3PLjmR22gJG87Cd7CeFqdDAFPBpkNcYqLkhiid08u445mAJ1lRcl7zJ4lwRBFYGlCcYZNoMHOBeAzZkSpeGb_Z19yOCwH2UGqLmLDZHemxH5iTX6OJ-jwYdV4OTSNXErhMSEYCesIoRufbkigeQKedwEHFSXB5ZdBsNA_9Givp5vZpF-OuZyx9JwykvwLTV24KSfPj3JhVx2TDtgOGjA9zj1DpY2-z6yUsBbYgnOud8OHZibrTLcNNqTZ1RDMORTZUCJD-PMQzPamJ6QHYM_3YUISvzHwstq4asqvmIgwz33ImoHvUZt-XyNhsbXObY4SXAQP4RDh7TDPN-chGiOphCLZslSte-1IstU0KPt2zSjMza&reqid=XMLfh2bFUnV6IGTP&type=CLICK&pos=22,11
https://tka.tiki.vn/pixel/pixel?data=Fb42EKDCi_z-JdgVfGWmRno8WSwHGzuFxA3pccoQt5-a3el1EGl1hXjJlw-weFEDhI5GlWq0Ih1E9mS0Kca-NaovS0cHSD5r5XR2UGXXm-9_CJl_WwyY0SSnJ7xnsiFWDS9HoHPBpKQtnnjWx8aNUcEIv4zOSGjZAcxpY-kxS7ukSGBDSseLUUfF6BBIiddjMgJPIr37BWtaAb4ni8QuwBz5O-OcecNfnyw8J_OZTpTeZoJADAGAlU3EpKlyvIr2i5Nr5RZSz-GYgNERJ617NrDWphqIEStZB8FSHRNdNH6pEoQ-U2M-22M7bBCfn4phkW8MmSy_UUC0NLhqpvDHmIB2ZO9J8UTQQsbm7DTPg_PONgbXZqewF7TJMUFWEW3n7a4NTyMUfiv-qkBc3AEFiZvm_U61L18g2gSvagZdKpj3LlqkBgqWxgsuWrHxxqJAxod4TiCNVA4iG_Jf0GoRR7tUNgz9GbcpyUBi4dXmAsMAG4EN7V5Q7FubdJVnKeH3PSZ15rTCSMCWTOWUbuq3MLll3KVyr9qM01L6X1z1lWdtBZ7loT8BCQFW4J_Xhl6aU2x7aR2ljjW-phMkfC-TbraoqR6sHiBaKEilh_WKPp2aaT5nz4Qs28fY86IJb09yT8A5XKfUz0VL9VX6UTwjP6HxapiPSVzEcRJzE9JPuE1P2l7l35nUKf4Hw960l8I5CLo8trg6afUm5YMoQ7ZQ2HA4XDncGdjp4JBKYj8DCHTkWzoUxuu2ULxOTswa8eVlIRzdihnc9THUSB3zERojzZPZM-KyFg79pc7nhvjw7oEXlwCXJ5AgUmvQEcrf5y5Bqbo-8dl3uQxJ5mDQQQf8Yl1wUgFV1EjhoE3Am65AKAeika54lEwqh3Li88kPdSgrEaEqS5nPQxGi7eVqIClVusCnEpBKrlapRtgSq627PdVi6J40KknMlpsl6ShG24qnp7sbBWUw3e9ug7hjRhhkqo18YXLbPKTIddkhVA21R1iuUEfB6BPMohxeyFgoM2SQRrgH5p01hrdtsjoFf9PiGCApgsTmwltBb7-SMP1L-yE-D2DHmy0vmNZglYm4EPJpK2_GgGTG_y38mF2cEzp96EeQLoC08VOVww05rNM5xM9n1xIKDTa8Rpsxffsr-fMHWkrypwblkFbcyLZjnl1g9pLr2QOwVkhbdOzEIa4xm4GvuIJi0oTLVYQxKPoXTaoOuTQYyVJKlEXpFiYEQSCzTQzxgrYk7nWMXhznc9KkgOv92Np8Zuv08d5oBjduRteOLLWMzzULyHeRnl2iSjVW9zND1kV1l7ao7dJrStgtXRb16sOM96QuRzl8veO6tzj3uZF4KOJYBvJC8NzoL1IQpn31UohSP-5eM0VvJlqmhrV6DYPLw6pKL09uiYxnJa0O8Xi_E19nWRnf9I9Auzs8Y127jSzHkg&reqid=XMLfh2bFUnV6IGTP&type=CLICK&pos=2,11
https://tiki.vn/ao-doan-vien-dong-phuc-thanh-nien-viet-nam-theu-co-do-sao-vang-tay-dai-va-tay-ngan-co-2-tui-co-nap-va-cau-vai-p166132556.html?spid=166132584,11
https://tiki.vn/4-quan-lot-nam-lung-han-quoc-thun-lanh-4-chieu-cao-cap-lung-cao-quan-sip-nam-thuong-hieu-citymen-giao-mau-ngau-nhien-p104080625.html?spid=104080629,11
https://tiki.vn/combo-5-qua-n-du-i-nam-mac-nha-cotton-thoa-i-ma-i-thoa-ng-ma-t-hoa-tiet-ngau-nhien-jamano-p162033134.html?spid=162033142,11
https://tiki.vn/the-culture-map-decoding-how-people-think-lead-and-get-things-done-across-cultures-p2043735.html?spid=68353850,12
https://tiki.vn/sach-tuesdays-with-morrie-an-old-man-a-young-man-and-life-s-greatest-lesson-by-mitch-albom-us-edition-paperback-p176304381.html?spid=176304382,12
https://tiki.vn/sach-seven-husbands-of-evelyn-hugo-tiktok-made-me-buy-it-by-taylor-jenkins-reid-uk-edition-paperback-p165017868.html?spid=165017869,12
https://tiki.vn/sach-american-prometheus-the-triumph-and-tragedy-of-j-robert-oppenheimer-by-kai-bird-uk-edition-paperback-p273734262.html?spid=273734263,12
https://tiki.vn/sach-sewing-jeans-the-complete-step-by-step-guide-by-johanna-lundstr-m-paperback-p273775626.html?spid=273775627,12
https://tka.tiki.vn/pixel/pixel?data=1QfkRTbpEj50cEs7XuxEXQa21hhUSM0zVVdkRfawLGBZtTlQN1cfDx72LBvBD4uBjlKMJ3VQAq9JcSQhmT33ZK677JPX_52E8Ioj7UKgFSiAF-v40dMOK8Uzx76tfMQFTtZhbPZXbcIALqKHxahoFB7pjSHXvUKXVOC1g5qX30iBWUhC8VOp9dn0aNxMJVPaOyTNHXusATKzVXykRqSCwnzdrEnCR5bJFFcU7DntbepQXi_C6BpqiFuNdFgZcsskt4m-qUSrrcpJ6gSeyimb2prDzuA_wMlaVDv3yhiaI1ApgO2C4xQOUK8dQh9iBJY8iAjFXmu65LvuOVs1zoRft-N19FOwarF_dB0hGovztaTgRWue-0JTr2wdoVdqOm5s4_k_0zPrFPSCxXBPXUQFM9TDgNMpt5z7xkWCdhe_yHjTvcxSzqf1bOz4YslVsxNeoEbUULNJYfM0_Yf32dNiTJOAxGVga3ONWY2sfdMhYG2mECLj0-tg_SEaKAnj1QOfKhCeQLcM-i_ULFqvo3D9zR4clmWXmsm4OVE3aRabhJM7R28AYoo1WeXV__fKIfRDu_-qYUQfAvnVMnueGTBFIWBu74NzYtwkO5pRgP3XVcbt_un3RXyyuttEfdNq3mLIQGxuS1s0gAtURwTn2W9U_9xkONfA62Kwuvxs7v1XoFcQqOSrHQ1S_g7WSmknhh45UT1wQDwYwkUoNMx-us5WTv_s22Ks0InXfn-o20hEg5--9tVGQ0tFcH4dv2bXZ2s7KHrf-va-M4iCdMybRLi8KX45zVH6Oy2fylY2SMOw1R50_4BTR-4Denc4IrqMCfH-iyc1QdAYKbm5vhuEsFsnfJMTC_jfeTRM5DFaYGmcCSDadEs5VNG5q4uuW1H977vh79jnrb8x9vraQbdDTzIDaeLuHdMb-boYYGSBxCyCCEgARF6KOws69kMiUFqhKOgxe1H-L2NrHOLdl6VIhsO48FRncqcJxlvq5_78J_jjvEXoFpNPP17BF31JWcGG1lk-OXCuqF0sGeujMGrsAMvScR8eJPNMH38qrX1n8d1oZ1qIQMrY27ecZTWgWeqOG-y51ki_zeyXNG4K_OUYTBgG1_c4Twud1L6nb_5S15RcQrzGddPsgZnHAz-GFBfEm06-YDoO-q024fQRKZAGJ5RsS6FHXaJT723PLpq9p1RuTM4wUlJ1SpqEDeb9GDho9F_GrdXW92Kn9pC9szi5xveeI79RzWad7LZLlH70ay83QnQvTA91dBEGjr2XBdMvojb-FhirddI4f20Gw4Kgi9eBccb5IfiHH7FKjwtg3CzZXPMjE2uwJRE9OFvP2TLNSkKGj1Rh5S0W2rn7tLGFFDnr73v5KsOnmunTQnOAjP9l&reqid=QNZfTcTZoswKQW3X&type=CLICK&pos=5,13
https://tiki.vn/bo-luu-dien-ups-cyberpower-bu1000ea-1000va-630w-tich-hop-cong-nghe-on-ap-avr-cong-nghe-tiet-kien-dien-greenpower-hang-chinh-hang-p165588636.html?spid=165588637,13
https://tiki.vn/usb-3-0-sandisk-ultra-flair-cz73-128gb-hang-nhap-khau-p261823327.html?spid=261823328,13
https://tiki.vn/hop-muc-danh-cho-may-in-brother-dcp-2520dw-2540dw-hl-l2321d-hl-2361dn-hl-2366dw-mfc-l2701d-mfc-l2701dw-tn-2325-2385-moi-100-co-lo-do-muc-hang-chinh-hang-alpha-cartridge-p276191357.html?spid=276191358,13
https://tiki.vn/usb-sandisk-cz600-32gb-usb-3-0-hang-chinh-hang-p134641513.html?spid=59104775,13
https://tiki.vn/khan-giay-uot-lau-giay-sneaker-wipes-clean-than-thanh-goi-30-mieng-lau-giay-sieu-sach-sieu-nhanh-p273719456.html?spid=273719457,14
https://tiki.vn/dep-nam-biggben-da-bo-that-cao-cap-dn209-p27769036.html?spid=27769048,14
https://tka.tiki.vn/pixel/pixel?data=6MB_G4-S7m1nBqKIoiNSREe8s9Fvw-PXUjrZwzpX1LLuSfgtELtySS_d3SXXBSm6wrPXE5hEyM_q3NjD17jPkIoK0-a31hEh8GCWvh0dmj3FhkbS_-D6ZSjVzCfgEwlr7tfe5QLzE7pFJ21MhHRR6PuF7Ie_40l7yJhihngHQVPVQ7Wu2mRZsT4TKe0IgciBRLf1-6b0PHh3bf5zYtoTiaV3hcp1oMv-ucQ5EOGAgppzgqswHOnVSi3KdMt1I7eoFr0_SD23rVZoULHGfDpp_ygtvlcOkuM27LsTqEMASCeUBB6w0knzLzPRIDUM5eIOsKJ8SWst1EzK0KBAO05xm2CDJz0fXjEW3kijF_H9D3YmaW4ZFanJGrSQ8dYecZMJ00aw7mK-05ENgVw-6EJ7wJkOJl2bhH-ep8DiVK_kAmELGxogENRECdTOkeibMZ8NTOt6Lb5atlx5wdtA2E-okmXwW2wdjkshURDYV1ceOvuiZdVjIRrxPUEkyhIaqui2Y95FN2q5McoAMC8s469nEH4rfDrNYumsfNRz0YDAOpxlQwA_WW6aNffpcgwbl0MZAJo_VxXVX4qaI7WET6SRVKLguTCPXjFV08plQFkZVRlHjnCFH0rwrsqvatSdTsLgeRpFZF-WtTuO4igR9IXWQALTUP_7dTXOsVcxXFQK3_ho7HJhja03kpwk5bWPBSQL3sIQmRKacI8VbBDi9YvL9F8714wSvAHV8Qim2kAcpi_JyYkE3YdIG8si_ckxkni_AO50xqtW0dK6F2fq7fkrRCI_h5me8c9CG3tte2akAtwTk3FFEUQvBsLHaDdDxblrqSJPaGTBQscaSBJ4RaTiZU6FyR-9xiQKasE1nasd23PIhAcpfnw7bnWwCCcQjMKaySD7PVEoSJxRQRRyC0tGG2A493gXN8a54-c31eDlkp86HR6xyZi0RmWtwhvDXQjlGI1y0SKXTyR-M-Da0x-Awse7VOwR-UGVUyYmfqR6a3rlZzTVb3wlqX4rAEsIdOJZmCDz-ZOXalT8XDjU0DqeHlg_McS3z4w_JugWoqcQz_t5uR6vgmnXWjTTll0ZvSMNNS51dl746OIfZQmrAGAguEyV8cpqBOy9yGy3ZS-oaKPcR7-sJ8cZtjOoc-zMJYvHSL4GBdvQPpN907uRz3RXz5gdbShwfpwPnheN3bVdLgNbygBVJilE-L64UX-RyndhUqwMn7jHaOFz77jYznMOCgPuM9Xsh3vn-z40EiLV_vE3BdTx0YW1dGITemwWqA&reqid=5Fp1z7sS3YXTnuoN&type=CLICK&pos=22,14
https://tka.tiki.vn/pixel/pixel?data=CM2xs5cpWFyXxqN5h96fs1YK-dBflv-9wMJuzG77jWB3atnW_djN71d_shOMW_WP5MmKnQEte5Qxi5-wOVAmCKOHT_VfF9bYbV7ydzAMAQK3K6WSDxG6QrvVXvvvEyPCmKUTiWYwmsP3dga8jGWqKjdvYNucHgNwmp7ZWuFnEjQ08MoIT1et60AOFGbu9Xfj_ELeuSk_8C6Eurylmpce5IZD6e7aW0vdV1w701S67HZlyXau7kzOGwSuoe5OsvW6P3d9_aJgtJDyT710BoBA6ZvLYw94kq2B1PHMeYrxtdtMR74BNmg-_fi2r8jeEJuvOqkzy_5cksWREYU5R0AJaahgOIEhjCKi1RDVVE3SsnABoZBByVVBTfCoMi_z_wCDY5G-If2J6cGAQCF6oKX0D7nXlnZ3T2s00QSECvNjgtcZo5OhgSezY4foNjb-ApqPTodLcu6pUu38suO7OHe_UICPkXTqbPX6xprRKZu6FzSihrTFDAwCBcqNrdRBhoIHYHr_LGVIineOHnDnmOHvDQM_smH5iY1UveoQ67oiDB4I94aQunRPSWbdciWP1djevrhvPim9zCV0rO-4rlaABmau3Pg8b7BL6_QHlG7gjg7lNdrKhDOr4pX3MCryBWAj7H6DGOZnYh8nciwJIyRzqMryrVK8sYFAUZ8z31RtOB405Z1_nladJt7zMnA9ArVf1nxsUFjvPB_rKKv1KnxVgTNz0F6J2i_Zy4I9dlisoozz4mOBsGXf63LCLGyA2a7WntUno6G88hNwVZWe2MGV2uCbknrBbnKq0Wh5iCw9Ccr_XgvqY5PXnheeqS3IPSmGu2NFzQl4YH6Vm-IFPgbgpS3gj_BuROwmhsEGRWGrvuCzKq21qnchz_Jg25E5ve9V2cqEFHt5RRQV4XKfXdEfj309BTWmBY2DFX4s5rBITRhH-OAn3lM_GbFpLwal7ssPQK7COaFclKwK_Y5zgd1mPkaPtZ6kH2lv7PUfGNTQG7KYOUsA8Ff5MvWkB_rXd_yhhZ3WN2xl9GGQaGYiGAdkqSRfbm0nLhI2MHwAuHbHNatZyfhfXq7MjIjo4w9g3dU3D642RiI2cj1Dr2bDcZuzVQfw3zNSNs64g6UbJeTkvW0B-0DfExAX8PsfnpTQ7TOPdxiNqdRl049OdUpDcAKos1mzu5sNgTId69cWTccwyE5EtvsPD6LgswpnYr8FUqwMvRuQvb_Vqi3exRfI7uPQy2yg_SEbXotBg58BjrAF96lRRo06809R4e4bTqRr0w-gurRVcIFf60JB3wb6&reqid=5Fp1z7sS3YXTnuoN&type=CLICK&pos=4,14
https://tiki.vn/dep-nhua-quai-ngang-sieu-nhe-bitis-nam-p107233238.html?spid=107233240,14
https://tiki.vn/remote-dieu-khien-giong-noi-smart-tv-tivi-thong-minh-danh-cho-sony-bravia-p275263463.html?spid=275263464,15
https://tiki.vn/gia-treo-tv-nhap-khau-nb-p6-40-80-p17589148.html?spid=161370692,15
https://tiki.vn/dieu-khien-tv-danh-cho-lg-an-mr18ba-giong-noi-chuot-bay-p185655713.html?spid=185655714,15
https://tiki.vn/may-giat-mini-tu-dong-may-giat-gap-gon-p255421912.html?spid=270757616,15
https://tiki.vn/gia-treo-tivi-goc-xoay-nhap-khau-north-bayou-p5-32-60inch-p4315713.html?spid=74219408,15
https://tiki.vn/sandal-nhua-bitis-35-340-p276004096.html?spid=276004106,16
https://tiki.vn/giay-sandal-nu-da-bo-that-biggben-cao-cap-sdn70-p141490261.html?spid=141490271,16
https://tiki.vn/lot-giay-bao-ve-got-sau-day-6mm-giam-size-giay-chat-lieu-cao-cap-giup-em-chan-buybox-bbpk230-p210145567.html?spid=210145569,16
https://tiki.vn/giay-bup-be-nu-biggben-da-bo-cao-cap-bb99-p106605092.html?spid=106605100,16
https://tiki.vn/dep-massage-chan-di-trong-nha-can-ho-chung-cu-van-phong-nha-tam-sieu-em-chong-tron-truot-p272913565.html?spid=272913593,16
https://tiki.vn/chan-de-dome-cho-camera-ezviz-imou-yoosee-hang-chinh-hang-p111483922.html?spid=147006159,17
https://tiki.vn/camera-yoosee-ngoai-troi-f50-3-mat-may-bay-doc-lap-xoay-3-mat-cung-luc-da-chieu-day-du-tinh-nang-hang-nhap-khau-p277343396.html?spid=277343398,17
https://tiki.vn/camera-yoosee-2-mat-kep-trong-nha-10mpx-xoay-360-do-xem-dem-co-mau-co-dam-thoai-bao-hanh-12-thang-hang-nhap-khau-p277411816.html?spid=277411818,17
https://tiki.vn/the-nho-sdhc-sandisk-ultra-120mb-s-32gb-hang-nhap-khau-p261813781.html?spid=261813782,17
https://tiki.vn/camera-ip-wifi-trong-nha-ezviz-c6n-1080p-hang-chinh-hang-p274879959.html?spid=213554003,17
https://tiki.vn/combo-30-to-hinh-xam-dan-tatoo-thoi-trang-nhieu-mau-p26612260.html?spid=27635274,18
https://tka.tiki.vn/pixel/pixel?data=ulgwbmWeHSgsiREx54Ne-q3xqycYo4qxiLqAs4mOFq2u6BITRKkbEH-g_7C5dEsD4I0Uev-qF_9IjyyZzmy1cYIATxbWAucN6XZUlatKnpOaCmfbJNBkcKOLIUzrVi_WfryRxzyiLUQLvb_Z-fsqZcLVV_okF3KOW5qju1mmvFC6E9XcUYqer0h_FREC9pZIZz8qXTh-nbJBliNguOsQhOMzEJ4yB2z0ZggxMxkpOoBN8KMxMBolF9c2AJ1F5_vKkNwS0pJgCC1Ut77f3xNuz6XQwm9ov_eXQBdu8TuHFsbk6X4WeBbJS3ibyJdvb5MaZd35yGLkGC8QWF8QUBr8DehSl37AZVXLHzJifgmoNQZqYxpBGXuFsd3z-7gYBXLNzJ17wMnhvMl0MqbTSNBCKQPtcNFmm4DaXpFRqnn9CZUqpmUpA5ixdgsqxeO4gZXX0InNamNJdKS09-ZniKO-bcs42ozJeLjIMl5gOQw_-cv-ZNX5kEbAUZ9etySypji5SOKkd15-FW0Dd6NMLNngkLaFqup5JWzN6XXLuj_4iwyb4HeZGtF7dnDRwJVWoxQL0Qt4awnxQVReh2d1oKVPyOPmFEDtoJrXhZhLcEon5Y_EAtMAK_I6uyUA1huYMQDbapOlaj6tha_Nez6C4MoDnlhxmOn4AUirNiz8fOdppIWobXNWwGxfxeHwfTm_rwWvE_9zBlwcLxS6CsTFEuF6_PynM-EDpl-xhmLPpjkijm-Q9IpGUKHrp3geZ-XJo3l_drPedOGiIXHju7iAQKUT6h0bTh6dYwUWg7cUWecdpbTnCEiivUMMvQufnFQbqGg3QRNGUxLQ34JoyczzPQAJrusgj-5U-wnrRa5MxXgr_fxA3OqZSZpLfW75_FwB4YRPfavzsP5NwbhMnAdmoYE7z39xFvimbFidebymoBT9Db2GfRcNZDWaiLKT_HbJY6m8TWcehQqjfjz15ltCiErBosrY6hr1KQWKJZ8TgcK06gh3N-fEIndWJRAPsJcLdviE3UHL7AHqWr71jZt6SR-fg48VQchQbMcntGNBDAC1N29nSUMVb8pgHh1ChNVbWoSpWeUHEb5ZL7IPFj81uED0tODQZbSQYvlHHIFV2Ldl5G3uBta3EIciJ4H1xIs57g7NMQJRjvWifiHveEIgk3d47CKrx8kXLfoSD9jCF6eXUiMjMup9DQ13VpYbcagog5bXLjBaPLJ6nPVnlxLgkqXGE1kieBHxkZv7063rwRX0NH8DvmjItlRV9TrswnzI3aJJZjIVTd98AuzdCNiNfj8_vg&reqid=75rxAB2unS9Mf2ns&type=CLICK&pos=24,18
https://tiki.vn/combo-10-doi-tat-nam-chong-hoi-chan-thoi-trang-p19843976.html?spid=71526312,18
https://tiki.vn/kinh-mat-mat-kinh-chinh-hang-sarifa-z3246-50-20-140-nhieu-mau-p91291870.html?spid=91291872,18
https://tiki.vn/tat-nam-co-ngan-basic-cao-cap-ares-det-tu-soi-tre-khang-khuan-tham-hut-ngan-mui-gap-4-lan-tat-thuong-p276152077.html?spid=276152105,18
https://tiki.vn/gas-saigon-petro-xam-12kg-p171163600.html?spid=171163602&i=255292,19
https://tiki.vn/luon-ngong-xong-khoi-nga-200-250g-p106361497.html?spid=106361499&i=153652,19
https://tiki.vn/cac-loai-mi-samyang-han-quoc-p163027678.html?spid=163027689&i=250968,19
https://tiki.vn/binh-gas-total-xam-12kg-p171889435.html?spid=171889437&i=259881,19
https://tiki.vn/dac-san-nha-trang-keo-guong-dau-phong-seavy-hop-150g-p275119670.html?spid=275119671&i=242647,19
https://tiki.vn/vong-tay-hoa-sen-toc-phong-thuy-tram-huong-ha-xa-deo-tay-nam-nu-may-man-tai-loc-p204038070.html?spid=191350314,20
https://tka.tiki.vn/pixel/pixel?data=ffMJridmgos87qZcIzP5yGknsuI-hEa12IBjtrYdjcMVqupX18-2ZXiLVOjh_9U2FeE9KQ_r6y7cVgwISVHhHYUUhu-fzvfLGAyB7fQqmgt_-1dAzs7PI9DS60-HYs9GDVLeo2HrSvXRtNXYs9Q8iRRW_Qm3UPegV_k6aJ0AR6ZQ8TimScd3_2Fiz_gKS11UTNG8E91H7-41x1VS8Sb6umA-UonMEOIuUxWPgyX_Te2HpFQHB9J3xwd4NNhCKmkLXdbkr0X4hew_UOMJ6IPJ2uYVquDiNehMCC7GeKlXmmxYFWWb_5Iif1BxnbQ5jaThZ_rv4LWtKePAzdhEzHMzePTqOQNByo_O9Xn4lddQxWdwExkm_pdrWzTCM0ZKjRKf6c3GYqMEDPSTAB-3zoD2jQvA-TqEQiKUfUyfvaeFe3SCDEKFCYYpetIbVvSWLkbZo5B6mKWCClJuENa1GdFWZGwLIJLM5-GGJQBDIALYyjyYw0ziuqK_uCHxQVXzShVUv8gQo0fl-88QD6vcanUyV4-KtAfKi9LDRlc2KFysPUesqDelDJRhVt78pbdGcuIDu9rfJ33TmQ_jyf3ASbXqcntfxSG19BmWAuojZeEYKkP1nZsF684tpC_dXtGfe_2eI0Ly_Zt9UrMgxxA2FE4-U_2FHexZOhrhe1vKszxoJykqJGi-g5PNfgzcTLWRQFgOpr6dVxonYZOrNh8sOF0B82inpb9oF2fqhTO2p2qERdiH_Ji3sgOd6IriOSymruw3toeLL2M6orIAX3-WdUUNl_iIREKwmU6A_lukGZ65fnWFIWRuRUg8QrpceNzILXUN_lZy_q5jIkAYorIp_mTw2SWSzlYPBfBr-v8jWozgIF3Ke9HwT5V8HOeB5Z7q7gG0cO3QZqc7e0OeSmA2scpqGjyui6MOx0GiWvaBravlhRLLgNaNZv9XPHvtNJ3uybc12p9jsfYicJRbC8wM-YfXy4dBaaXPvTZVI7kFMMklKbaca1TxguT73wXBiVwRC930E3ahJWHEKofjcJyarf3nnIN-nFcX5iOAfweBADYCOtbVks5WQrqzlyltGp0BUZaPEUmcFC02gSiCAS4aOpVmWFVU0tCny1R3Ex3TsuTfU1szxj8NaKghFnEI6195NtlFWltYA5YN8kVpHO9es-kVavOwjIX6xFK5ajrBy5m36X0hn7pM7RSjmyQ7gyQ-I_kMZpPDvF5kq6vK&reqid=vrya7b8SsjEyFuAF&type=CLICK&pos=21,20
https://tka.tiki.vn/pixel/pixel?data=1QI4SLpirqZNmdYtkm-WDQHBs8zNMrTjV6UyPeZSZTNRoLzNW84yBi7gYTB97rp3dfi4UGNjQFL3rThFntUu9vmd_qe1xn5b6x1T6zFih5z1xO_kTjzYAeruWeBRhZHs90GOpi6Z0ZR2pmQL1tcbPBDs03tTFVQKerr40jvw39LdHi-X2XqsuJMnMpeWRUWgtIGVGj3U5gskD_4qf4XNZA5jWRa4iNzk6NbybVAtTXjRzSMQmfJ977L3nylw6fSvEZTUMo9Rf-ptRDybracVUh9QAz_lY3ay4MLt44ewW_WV_gq1TPL7qvcgwYq2-GWGZSwrDlXOWUSwn32LChSvrmuurh3p-lwG4XgPyBaLE_k9NApg-slvvyKyr103-xrv_zoyBrCaeZImXwL90Re6HADjtR91K7mbtkeMYdXRU2IFyn9c4H2iqaHOX0SpFuykXMuUHZOgx6PJWm0SUAJJG4wyjrWJmDZCFftmfYC87XS3ygZk-139ExxNHcofDXN4wR-UC-uFOEAYgMvOQ-VVbpe7HXOOFm3RdnT-7pkWOFP7A5zr5Ou3vIFl6K0dCR_SrIyrDv-BSFEnHG9VvCr6T-YPvYO3QPF6a0popivQcD7ip6IG9cN3QMAEipv_Bd2QG6zFPVxjCkjblVnTdc56ZrKDSyadxOxXQrcsZS-uwsEeURdj2XebIF62vNf5DaY-M5VkWZRTfwjoGPjqPhn1AHEVk3gVX-a9S6DVW30i14dRakdj8orGoJp7TQH59SnT6xjPghar3sX2HFwbO2tIhsIIWwhdBJCsJOGps9foZHJKcnho70JVzCBVsKv90Z47qa-ZOn45ZeYlCgD-FEsnRonJUcKH-I6sqPnFACsLQGjG1BiZb91yvRNcrCGAEzSYNhMZTPjrs9GPFmkl7iZujThuRiSXKxG4xy2C8gQNtLoHKo3eWiKG_j39e1CTUcVmGxk88YALH54nKZT2hO004xyrK-UXC9tCnSWSLS6icXDsGpvRaTMtfjbIZUfemVCg2GQK_ikMMD4TD04oiixwNez3rNIl5E7fp_MKjsF7hBCfQiSGhdyldO1TzQQoOMtc4zd-Oiq3OoObqkC6Z3SRqBtAbuVsODT2fK1vKsTpOy04sy66FEadm2lz5ForW9ximHss8-eu_VEFhOyoKe8k_5sgO0B2N_tXeUGcDsu-bXdkiqc4dY3lOQyLV6ue7pn5KUao&reqid=vrya7b8SsjEyFuAF&type=CLICK&pos=5,20
https://tiki.vn/day-deo-cao-su-xiaomi-miband-7-mi-band-7-hoa-tiet-xinh-xan-chat-luong-cao-p197792505.html?spid=197792586,20
https://tiki.vn/3-cuon-thun-co-gian-xo-vong-tay-bang-da-mau-trang-nau-den-p70841244.html?spid=70841245,20
https://tka.tiki.vn/pixel/pixel?data=kY8RlyPA8YBvftXGo5ZSIG5XYME4WH0kZAZUo3_yYHTumF4Ops3Y-tYYBs3v1qZd2KXpxAJ8AmVjoNOv_g_Nu3cjG06qwdlVJTWDSZUGewEVTtaEWH2fvAoGVp0CFOsCBENA-CUijiF0IhZkC5BuDksXbfcbS9-8OzdF0BkSHWHkrln7sJRAr4wMSGRbEP5uiPKUKMffkz-mfN1nxbQxmIwhDjihK_vM5f4fyHgOY_6b0PdaEczIiYqPUkeb7qA6tKqBFlBas1cbybgyu6oMn1K9-_UTFC3PM8EDP25YkjUwSJdbMidtGhnrnzP_16b9QFylKazD0VrOfyvkZ-lwtKPSYwWNf1cN1WCmlyiCmqTF8NLMLKDY4h1ENMhEjoAuB7e5hS0LM2QPcJCaMuXb3R9jeCKX6tBL_ocJLr9nP9FXTwmG7Z10G4H0ZX2GUJyoLjZA7NdofH3yhZ3j0VY4gZnSpDUP8mdkE2IPdVo3XR92BwlpyI9kyFYFd8hRJGF4v3UQO3Bye3BLv_X-JFvLA5GwKurCaYlnDxg1Vb8hA51In9UJfeUR9oIHUdRF71TJYHvjJie3jza6U-brfJw6jXc4a1AEJHbrM9kDzN0uZmVDdaLLi_pFCbpZyK-onZ7NeVp0WrBYBxF8OCBfmM1drvG4a8S-XASnVgo12eK7mJqdMV8EWbsjjLSSAOZpN0LDGe3O6_O3inZUMezPoIPqXimBCdXQxIA_pOqLG9XZCBj1RG-P4utAELSbE91bnu2_tr-R0ymVxQnelo_5Nlx5-QZeZX3MBM8CMdfmSPVwmm5WMcxRVwUSzZYRFbRKndtSx6LRraWqrZhaEIuc7aP6tXOxuezrmMTYV2tm7xXDDTR-m9_JWTua0f7OMaNaqEBNRUgjlW84FYxHSbTszg4tqTJT6VJmfSkFcm-pUOC9DdqZcxxumuhkxajS3NOGQSOafzzOlA8Vmu3xQ55R64e8U1mb2Z_Q-KSWTHuFtzni_Rc4hcNFwvHZ0DRrW6vNNU_TTVF78tzgw6Qy_dB09Wf98Y26iEImsyW2FsVIBFaMblZzM9gXceCxqEIsagoHNpy15oxmfqdXLC38LaDVh-VvnP-K5pCwkyaiS0uaJZ-psn9W14JAtCADk8jcu1uQWifxJYuhJb35ThOMk4INaA12zeHlcvyNGodOm_Z77uZjF2j7bmGqZhncLDYtiwewk9bRsf6e1ms4WxlGmriwsM5T_4x2oa9kaYY&reqid=98meiHqza84PmOOO&type=CLICK&pos=21,21
https://tiki.vn/bo-8-boc-cao-su-banh-xe-vali-silicone-bao-ve-giam-tieng-on-chong-mai-mon-cho-vali-hanh-ly-phu-kien-p276457647.html?spid=276457653,21
https://tka.tiki.vn/pixel/pixel?data=5MA7fHHBoYJqJogG8TP-gFgdsEZ8Ioh0nUcLRPVDkzbCnvIHdo39b6403BX_zH7k0zJyCZc6mGi4kHJKp7edcyu_Hr35w_5Pzy8bNB_knL7tGgw5X3fyRYE9yEYjEi_KPkeMuYGwVcCzsvuCmdmR_ZnzaYkII8cusjLIebTfGaVLwWrO7rrGiy1l_MvZys03OjV0J_5MYdD14hsl6KP4R_H36bkuzyOABtttfgS2SooekOaDQCZF7uEYEdet4VbUaDpKOljrLPRNXiS9f-SLGGrCuVEhR81rDj_uX2zC2wLn7D75YduUc9RZ-zTk-wiH-T2FtR5SxmpddiMjkJ8Hzu1WAC5e4YaVMpT0IHKphrykmA-V_R8NuErn_dUw5bSnu6wKX8tIXaCaWE08xWOsOlX0n_ogCLAUXXlq_vQI_06ISIdJbMuc5NWOzbOuzwZpnzmNtTVYVxYIciRPi3QuRcl6vMGwGyvOpfbnBpgHqqmCaIvLUd727h64BgzHIUaGt0KiRBvXbPDqjaXuS5fB_vGsg7AeS0u8cQMcrrzyv4HTOCvSSEs2e7W0OTeOTbgQ7o0G8ax6k9_nq25xeViyqbgARGf_kJDtsIClAwqxPOfkXjil_bpQ1aoGzoOzfLwf1a-R5WoZveTZrck1QfXtURSKqxi36rKogiKG2rd4Q4zs-ZB8DaoYbkwnmzHG_Kk0uqN6WtLFpJurcrsBV579mi-pDG8czR4csSzP7f7U89ana0hHrTAQZIhqsM1a59ln4Z-o5wQRvhyMf1KvBkr4u_i-6TUk0-42k1csGJrzN8pd6pwpUMxmWtWCDyxe_wnFgRMhRW1HQXXQ5byc2FmeszeTCmbc-68B06XxPGcrDGhKRSNLPj-JoG40NH5W_pSDPPQ_oq3ZHHFVUAFQg16DpNs1CQStVrm6JKm-9e67q5vR2Fy7_Lv3dnGIoJwEeyoKroLDmsM3cpmrqReIB6yHEAVhhSFCrS9dRihT0rB2nsxtqPZr0Oxt3HJiAwJqBBaPeLa0yfQZeIMXxQm_8LNUZt1P_7_H1zRGk7G4p_INtk67cpiFyTtduaMcv3x3_clqLhzFFKMYcaT4qm7X9qBYd7i2ZP7XdRH4xc6AGunzEXCvBt4-iaMFi8_m-kjGqcz0SkfG9ZX-ECRIkGQCtluZKm-RnDgohrpPbUsvwpCQ-kL5gkGSoxYcjvFr23hvy38qvacF5PKmZfAizPyE3SPOeUNoZGydPw7oyKzmv6mx3Vi5kNgGfs_tn81MuAo&reqid=98meiHqza84PmOOO&type=CLICK&pos=1,21
https://tiki.vn/tui-chong-soc-cho-macbook-laptop-2-ngan-khong-tham-nuoc-hang-cinh-hang-p275401052.html?spid=275401413,21
https://tiki.vn/tui-chong-soc-laptop-macbook-kem-gau-bong-sieu-cute-dang-yeu-p111978922.html?spid=111978940,21
https://tiki.vn/phieu-qua-tang-200-000d-p1559581.html?spid=1559583,22
https://tiki.vn/phieu-qua-tang-10-000-000d-p7322123.html?spid=7322125,22
https://tiki.vn/bao-hiem-tnds-xe-may-bat-buoc-kem-bao-hiem-tu-nguyen-boi-thuong-len-den-150-trieu-p274296567.html?spid=274296572,22
https://tiki.vn/phieu-qua-tang-2-000-000d-p1559593.html?spid=1559595,22
https://tiki.vn/phieu-qua-tang-dich-vu-sinh-trac-van-tay-phan-tich-so-truong-nang-luc-trong-su-kien-ngay-hoi-the-thao-giai-tri-2023-p248400316.html?spid=248400317,22
https://tka.tiki.vn/pixel/pixel?data=aX7i3U9ThXjQvui57jY-729odkv1uColLKtmOxPNMQb6xtO9XhAO6us3xG6Y3zC7_PfzZWLBsNrqNkJMSAACy0nCyd7tJ95BkL08zlbF2bF1WQEOGi0kyyI3gU7HPM3fkHAkTeai1_QIbQZdXDCFVTq3WSSq76yQJ8ywgO7Ft89eccmlQqCWJ0Q_sQKrif6eJD5S4GAn9B2Ir5_H6QEAQ1SE3dLbx8JsVebl0bmMbhuvI-uU02GcpxWlPpGwI6UabzUaiRFkJ1PIvfsRk-cKDWIRjCcW9rnhE3vah9TEcmovSxVZqNQQmob1MLQKdGAXswh3AJZ9ZtEtCnrcK3NgZm-l3awvWAlEFhH5d9IRRLhDSbysqsjr8N0pdVaps8dk5EmupG9zQoTGSg-G73yK49LtBdIjERuiufwEmnWO_35O3VUf_9tbsFIyPIHvF6ZQHcDa4ovZsGNKhJOzBVvgcR_C4d-c5Mph3b9i8AyX1R85Eu_pHnAj133wqW4Ez74Div1h4otNKocqTEC1QBIABVtfOwt_uNztot-8qdODae3oTi3mjUOtgb7kFM1znaYWNNmduSbGeutXu-HrRUgClnaXEOlHpvjBFCoZDxCymYRh4zOPdxDCibxQd3rwU5LWBGXe5eZ8FhfwOlMXk8kjhKqZdS3gdcxR1AL-X92S4A9bQwHd16-zCUZ-unn3MQUj12RtsluBLoEnmxoRUnotWyB6ap47cOyb_Ei47Ts0xs-Pfs1NEiDAtb-gsVQoozi2NgdrGpwNHd3g3DDoOx-Apy6VRz4t3aRfniXHDSOjx8JUXG5pGNa5Wfb9ExjJF0uaRXjkBN7hd1a3hEqiVn0ZORlVA8FzQS7yjP_-PwOKjidLXlVuriFdnVCbyn_8wNL6pmrMXITM3rO4tnTO8k_hEvgdRpmLmzhAqG6wicIY51lSwffZs6ZhLaA5YH8yHnI3jlL7CeBNAvvXS4D0hq8ulTWjWodntuQbn6OJFaNgFVsP_yk_Iikln04UrTky3fkJmUGPrweg4iex5u6PjH9EEXkhIB2LROBjtZk3Q6bijiBZS2gVrjuv5A5rsJqcI2QcRD7HzGPmPb7vxKb5USZBJ27a-DbRPf6JE763sMvjKuzt50Pe140RysbrOC-v2Xip_rnYHruOtv1cdI46Pbt6hKNL-nOL2BJORWWr&reqid=wQiJfzcYytbz7nrI&type=CLICK&pos=3,23
https://tka.tiki.vn/pixel/pixel?data=rAkI4o_bMNBmPcwuYJZbmPA7Q_YbBve0TmH8iEO0MaIQcWE02jVTtHXTM8UD51bOGAJ5XU_LI_prvLUwkqXSD7RSGQCXpEFYHQ3lyTa4lu91nMQbtv_nKAaB-Tr4pKpEE4RmCGuN0lhf-Tu2ihPSZ9LnV03qEp6gE4U22k6yxzBioGmR7ES_MFXnkNlhWujdBB92ghFx-NIxnnpj8RuRqUN-eC22GDD8R-rTHAEO4X6YJYjhRixMyMxJYg2tnMWpMKLhp5X2l_i-Z2itcs2lSVIN3v5dUwU7Y7DgLLPl6sayuve4LXHzQ_8efy2JULAQARPMPu4rKQ4JWaC77_SngD0314eXZxB95-Jso7jR6nc3jKhIfZOqH1bQtd7E8Am6XuJOyNy_xwhErX-w0LjSAUdNi30sFFTZHDRWPw2RLkj0cfAqXOR6Y93TjG9Q6vjyiDGt29_zZUPUEoi1-tuktTQ5-jdZJBztNoQfCYmYrrnEQCDTBXPZWOWX2-b5-gocz_4VbEhTFHhgDvDll9Z1xXBCzQHKiUcN4OQu3CAAv4LuI91MKE2zPqTdWVwqS1EajamxHDjIxiDouAdwrF5zrHbbMRvIwf-iqJY3-6UPJg6Mh2oe5okXrHg2k2aKVquCZnwdf4_sLrSya1217ojN-WrkACyexZy_NHiDejD7ZbBVT_BIi662ZNyPCzpslDJs1MxLRLdkBSSuKWE8fHnffL0tE5frypHD7h72h5U0iP-Ee6rqpl3_qVB1t_QBnBbjtguosHIhIDgQW5mZfyqBlIIjKhgqsbOAKp7t8O7K_cBOeIhoSWcjAoZkdTLgQMiwat-lNP7ocp2GC8kJhgzDsLV3puqZh0fN9vXqD7S2wOtL5kOVynYlcJJa9vzsHZHXCuJsyXxWqBNiXHJxc79hLfatPcMteyKkwEk338GzbuyXBHveCHQoMzOc1zFvqA9WhQiCgG0NiAoWcOlYOefoBxo4DX8y5-DwWUH_nCHtVjJC9kdfU3Tl43Ez8AUbVZvC6ZSVv_R15pxOnNbdP1D867s9oCZMo4AK6bhHbDsvWu3s_WogbpZiMZy5x6zC-7BubsiZ1Gp1Z-9cmxWWRj1xhGkhXhRF2Jzha6pHQMx524t1uB4pKOWNaW6QBq0Gp7TqmYsbhISJQ4fZX5lGj4dPhJWx-wlPaWTlouwfrbknFhLXcfjfTY9FbhqJ6_rSIHNC-Qk&reqid=wQiJfzcYytbz7nrI&type=CLICK&pos=11,23
https://tiki.vn/combo-20-bao-dung-the-can-cuoc-cmnd-atm-nhan-vien-sinh-vien-bang-lai-xe-p277294409.html?spid=277294410,23
https://tiki.vn/day-xich-tui-xach-xich-chuoi-dep-8mm-chac-chan-p216435182.html?spid=216435184,23
https://tiki.vn/tui-xach-nu-thoi-trang-cong-so-cao-cap-kieu-dang-don-gian-p56992965.html?spid=71307656,23
https://tiki.vn/vi-sen-3-da-bo-pullup-v122-bop-mini-nam-nho-gon-hai-mau-den-va-nau-duong-chi-may-tinh-te-dung-the-kep-tien-tien-loi-fullbox-thuong-hieu-bui-leather-chuyen-do-da-that-p155339575.html?spid=155339579,24
https://tiki.vn/tui-xach-da-nam-cong-so-da-pu-cao-cap-hang-hieu-chinh-hang-yvan-f80166-5-p192128365.html?spid=192128366,24
https://tiki.vn/vi-nam-menbense-dung-card-chinh-hang-p274779167.html?spid=274779168,24
https://tiki.vn/tui-deo-cheo-nam-thoi-trang-cao-cap-phong-cach-moi-p275625709.html?spid=275625715,24
https://tka.tiki.vn/pixel/pixel?data=iwPaiywCvP002a3oKN4mSAYdLsmLkTsGRXrJUvRUMnRNfdf_bw-8noh0EHeS9LStp8K8MfwLh1uhJIMb7kjcTavKaZ49SJwYc6UKGfr3irvpIvCiFraq0b5gfKFvmDC2O_HDaVAzPvqRBxWvUzHv6gJ-sgUyp36D_dwx6Wv4qETdQDOyvrmH7UbXK0jTc-cevVwdiSUrABueT3L-JonbkpzWH824zYY7GFxPEQTzzvk7TXweAV-nme9Krqc2qo6hhXnYDqOcVQUdQLuaZ__LPyEinkBYJ_WRejpmBguyPnh2By4ef-fYAQBOxzC9pSilv89nm-sQ7IYkyWtDWkdvOfVbQHhEOpQcv2M98aVIUV5AgcsMmVNhiB--cPArjO6JaByUP0CoLQOzaHRh4KyBFrP1QkRkxeJfsbb76e6zZJ7fyi1gHGYSekefdwtPogTrejuSRMRG7XuLoU7MLC-DZdu4i2JE_crGQE6ZUKcrDY8XEhJKYqDjD4XF2TEdJBysicgcc2oWCeTmskhOSDrk713T19rbgb3Er40kScWcLVphlfZ-PUeqrvJ4JxqTVcg_64Bs4xUiQlt1Ok552Y1DbGvsElzACMbx9TsDjuv2ubx4NC5ips76lDbfHAa0UI2axvbgPar2Toqruu_ibMtseQjfUOvJqD2Jva4ekrQTEzhZwvmLAAzKKbW-6guNDr0UjwGldXmr7taMoQV9xf8aDrA1Jfp3GA2I--qMRuKo2rUTy2Y0x1BXnzDRy4j6wJ5Crx0sk7sid28sk9A2HO9hfeAZiD1-Obe6gdJxIDm8e3FBVSQT7DlHTnhmxCfsK8LXY75rWy9mtjnlnKjBPMhM198uS_OWlQ2Qy_jI8dT57AiCJqhGQWKXn43jFEvMcAYVaFkyqSKaMFQmz4qFESYncDNMIOjb7DajqtbEltGTT_oOncj_4PB9ym7ExgIGBFlZsWEplAKhz8MnIiuk1kDpAqL49J10OlcNIcNSxtRB9IttjEc_xHJXS70o4MGfosxC_w-HV5GCL0VE6PLAr3ym4qNNLUXqEcfhe2GIxxZoQy-5pStsAwuCFtuY7mNlovEdUjPnC61m0c-DKXJmjamidCOW64Oe-KWncyZE2EKl4hAUXRoWWO_yzG5QLhyHGQxmtdBk1dkeYItIwjU7-8xDckc8mJJl6YRXCA&reqid=PMM4gOXr4r522Qi6&type=CLICK&pos=23,24
https://tiki.vn/khan-giay-rut-premier-vinatissue-200-to-combo-12-goi-p176922003.html?spid=176922004,25
https://tiki.vn/vien-rua-chen-bat-huong-chanh-finish-powerball-power-essential-lemon-sparkle-tui-100-vien-sieu-tiet-kiem-p200618708.html?spid=275066351,25
https://tiki.vn/nuoc-rua-chen-huu-co-peacemass-an-toan-cho-da-nhay-cam-rua-sach-bong-chen-bat-khong-luu-mui-can-3-6l-p104883479.html?spid=104883480,25
https://tiki.vn/tui-vien-giat-xa-da-nang-4-trong-1-ka-universal-1-vien-tui-p184437908.html?spid=184437909,25
https://tka.tiki.vn/pixel/pixel?data=aNxHU-OpW_FxKXNligmnLej1Oyb-OfYtrEHMHDCvKFkz2yZsVaJE8EKu9l6kUrxKCtVqvMExk9L2r70kPuU1PNdytPdo-26zaeH_pgLmlhTo--56OCpOC5iXzkfFq4W7IK_Mc6DdhB4NhfeFzJK-rVBXy4GuzenpHl0_JnifXza1cb4pHylOicLZrgq_bV_vWNIuqa5feNKYxmndWWUglkf6xmuBn1gEmLqcX8W-KY-_nvuhpo3wjB0Vbw9_c0eshBMZstfSHCQryHXBLa8dw0E6aQbF-JtGrCppn6ZjHHDijKSG7m7xOXOA5SVZtC9S-jeCQNPl7f1gbYK7BJHDDpo0x77DrgV-KpVxS5LmlZo8Jp2RSLXaGEQGC5AyfuqmGohtngGMj5boOAzn_HTPiJnxPmw_uvyzmhhI-5j9U8H5vFPs6esuEuDxioz8fDavtU8m4PusF-lH9UCRYWC4iYBz6Ab2pqFEziTwoCbNUiSWL6cnzssl0hT0XJ2_U64eBvr5gZbQB6Bp7aVPhww6QOOBlJzUAG8dZ9hfrw_3aHUUSZ0eQbZoDbAs2JVT2CBGX-sJiUmyoz2ouqSBtRA6iqFfa0u_krnoav4qg1OP1y70Cbai_In-byXrXDiNnr3iF2-vIjqF51bEogEchY7RkEPwVJL3IKYOkaLyRa8hVQwSHILfI5UHp2AvMdHu5AYLBTns2z03fMuCXNvXr_ZEnW4XFEikoRapC4NkJ0eoowd7u0B-OfUWZjTi-rWDUSg8wLl9qW9EY_NGWGKe04wGljMCyJl_axevmOkazofNhwk9V76U-1dif-s03FuWbyuLjj34zZLGGuHONnt31ZwuJwl8RF1QkVZf8acEzbBar4JzV33rJ22GFJDudWzW1YtT0gvOBCkGUi3AQylwikDCuV1jYIdMYag5DGjS_spnFbkSrrAdhBJhIVMmPBNWsMUPsG7fqCmFHLbZj0QuS-oKPozExLgNvOlycD6ce7yBik7cD_KbCD9Lo1374qQIC7Kcr27nXLGeeadqQCaNurF4Tz8XDy5lMHAFi8sdY8xznGN5u2zvKejHsBGWhyvzbcmzMj59yoV7Z_e1MuSUzpY07cEdk23xxhJ4ihKqEfl1OUCFHeU3_cBjzDblJF83nJxrQF654frJNc5yOEPVYJ25-dtxCwg4q4h-a129DeIrBSnCNo_5OIDENPIoQ8EW0WXl82-vjKVP1lLx4CU94u73JLXMomb1QxdikTzXi5ehYIlskA&reqid=jlBZQvbKtlRCgnAp&type=CLICK&pos=2,25
